set,pdbid,-logKd/Ki
pdbbind,2r58,2.00
pdbbind,3c2f,2.00
pdbbind,3g2y,2.00
pdbbind,3pce,2.00
pdbbind,4qsu,2.00
pdbbind,4qsv,2.00
pdbbind,4u54,2.06
pdbbind,3ao4,2.07
pdbbind,4cs9,2.10
pdbbind,2w8w,2.12
pdbbind,3gv9,2.12
pdbbind,6r9u,2.12
pdbbind,6abx,2.14
pdbbind,4q90,2.15
pdbbind,5cs3,2.15
pdbbind,4tim,2.16
pdbbind,5fe6,2.16
pdbbind,6ghj,2.16
pdbbind,3gqz,2.17
pdbbind,4y3j,2.17
pdbbind,5oxk,2.17
pdbbind,5z5f,2.17
pdbbind,4ahr,2.19
pdbbind,4ahs,2.19
pdbbind,4mre,2.19
pdbbind,1x8d,2.21
pdbbind,4g0z,2.21
pdbbind,1m0n,2.22
pdbbind,2aac,2.22
pdbbind,4aci,2.22
pdbbind,4ury,2.22
pdbbind,1ajp,2.23
pdbbind,3ao5,2.23
pdbbind,3i3b,2.23
pdbbind,5m9w,2.24
pdbbind,1ew8,2.26
pdbbind,4np2,2.26
pdbbind,1uto,2.27
pdbbind,4ahu,2.27
pdbbind,1ps3,2.28
pdbbind,3ip8,2.28
pdbbind,4ddk,2.29
pdbbind,3dyo,2.30
pdbbind,3kgq,2.30
pdbbind,3mhw,2.30
pdbbind,3pcg,2.30
pdbbind,3rv4,2.30
pdbbind,4g0y,2.30
pdbbind,4jsz,2.30
pdbbind,1m0o,2.31
pdbbind,4y0a,2.31
pdbbind,5mz8,2.31
pdbbind,5aol,2.32
pdbbind,4iie,2.34
pdbbind,3gtc,2.35
pdbbind,4y3y,2.35
pdbbind,3g2z,2.36
pdbbind,5fsc,2.36
pdbbind,3t0d,2.37
pdbbind,6rnt,2.37
pdbbind,3f6e,2.38
pdbbind,6md8,2.38
pdbbind,1f73,2.39
pdbbind,1nwl,2.39
pdbbind,4u5s,2.41
pdbbind,4u5o,2.42
pdbbind,6mli,2.43
pdbbind,1oba,2.44
pdbbind,3mjl,2.44
pdbbind,4ddm,2.46
pdbbind,4x8u,2.46
pdbbind,1utl,2.47
pdbbind,4y4j,2.47
pdbbind,6fhq,2.47
pdbbind,1gyx,2.48
pdbbind,4u5n,2.48
pdbbind,5mn1,2.48
pdbbind,4efk,2.49
pdbbind,4kz7,2.49
pdbbind,1ai4,2.50
pdbbind,3g30,2.51
pdbbind,3gr2,2.52
pdbbind,3mfv,2.52
pdbbind,3vdb,2.52
pdbbind,4g0q,2.52
pdbbind,4urz,2.52
pdbbind,4hj2,2.53
pdbbind,3b3s,2.55
pdbbind,3ovn,2.55
pdbbind,1gwv,2.57
pdbbind,3kgp,2.57
pdbbind,3gvb,2.59
pdbbind,4o3c,2.59
pdbbind,2r5a,2.60
pdbbind,4up5,2.60
pdbbind,5g46,2.60
pdbbind,3f37,2.62
pdbbind,5lvd,2.62
pdbbind,1ajn,2.63
pdbbind,4i8x,2.64
pdbbind,4q7w,2.64
pdbbind,4q8y,2.64
pdbbind,4ufl,2.64
pdbbind,6fhu,2.64
pdbbind,5ey0,2.65
pdbbind,3a1e,2.66
pdbbind,3lvw,2.67
pdbbind,4b3c,2.68
pdbbind,4b3d,2.68
pdbbind,3elc,2.69
pdbbind,2fzc,2.70
pdbbind,2uyn,2.70
pdbbind,3bra,2.70
pdbbind,6nmb,2.70
pdbbind,1pfu,2.72
pdbbind,2rkd,2.72
pdbbind,5fsx,2.72
pdbbind,2qwb,2.74
pdbbind,2vyt,2.74
pdbbind,4m6u,2.74
pdbbind,4ndu,2.74
pdbbind,5os2,2.74
pdbbind,1rql,2.75
pdbbind,4bt5,2.76
pdbbind,5er4,2.76
pdbbind,2bet,2.77
pdbbind,3fcq,2.77
pdbbind,4kz3,2.77
pdbbind,4ykk,2.77
pdbbind,6g24,2.77
pdbbind,5os4,2.78
pdbbind,2bza,2.80
pdbbind,5fbi,2.80
pdbbind,5fov,2.80
pdbbind,3djx,2.81
pdbbind,4rrg,2.81
pdbbind,3lka,2.82
pdbbind,3ppr,2.82
pdbbind,4dsu,2.82
pdbbind,4k7i,2.82
pdbbind,6mj7,2.82
pdbbind,3zt2,2.84
pdbbind,3udh,2.85
pdbbind,5th4,2.85
pdbbind,3zt3,2.86
pdbbind,1cet,2.89
pdbbind,1iih,2.89
pdbbind,3g31,2.89
pdbbind,4b35,2.89
pdbbind,4gqq,2.89
pdbbind,4llx,2.89
pdbbind,5flt,2.89
pdbbind,5ngz,2.89
pdbbind,5orv,2.89
pdbbind,6b7b,2.89
pdbbind,3c2u,2.90
pdbbind,1h2k,2.92
pdbbind,2fw6,2.92
pdbbind,3alt,2.92
pdbbind,3k8c,2.92
pdbbind,4ai5,2.92
pdbbind,4ef6,2.92
pdbbind,4lm3,2.92
pdbbind,4y2q,2.92
pdbbind,5ct2,2.92
pdbbind,6fv4,2.92
pdbbind,1tng,2.93
pdbbind,4zv2,2.93
pdbbind,2vmc,2.94
pdbbind,1f4e,2.96
pdbbind,2w8j,2.96
pdbbind,3g34,2.96
pdbbind,3imc,2.96
pdbbind,4dst,2.96
pdbbind,4mrg,2.96
pdbbind,4owm,2.96
pdbbind,5fng,2.96
pdbbind,6r9x,2.96
pdbbind,4ceb,2.97
pdbbind,5flq,2.97
pdbbind,3ckb,2.98
pdbbind,3djq,2.98
pdbbind,4ibc,2.98
pdbbind,5aba,2.98
pdbbind,4bps,2.99
pdbbind,1ecq,3.00
pdbbind,1ws4,3.00
pdbbind,2q8h,3.00
pdbbind,2rka,3.00
pdbbind,2v3u,3.00
pdbbind,3ime,3.00
pdbbind,4b2i,3.00
pdbbind,4k0o,3.00
pdbbind,4l51,3.00
pdbbind,4llk,3.00
pdbbind,4r3w,3.00
pdbbind,4u0w,3.00
pdbbind,5ehw,3.00
pdbbind,6ftz,3.00
pdbbind,6quv,3.00
pdbbind,1utm,3.01
pdbbind,4g0p,3.01
pdbbind,2vmd,3.02
pdbbind,4q81,3.02
pdbbind,1ogd,3.03
pdbbind,2ha3,3.03
pdbbind,4lm2,3.03
pdbbind,4qp2,3.03
pdbbind,5aoi,3.03
pdbbind,1rtf,3.04
pdbbind,3t08,3.04
pdbbind,3t1m,3.04
pdbbind,4i7k,3.04
pdbbind,4lm4,3.04
pdbbind,5fls,3.04
pdbbind,1f74,3.05
pdbbind,1uj5,3.05
pdbbind,4g5f,3.05
pdbbind,6ncn,3.05
pdbbind,1rnm,3.07
pdbbind,3mof,3.07
pdbbind,6fh3,3.07
pdbbind,1y1z,3.08
pdbbind,5ehv,3.08
pdbbind,1ec9,3.10
pdbbind,2xdl,3.10
pdbbind,3buf,3.10
pdbbind,3f78,3.10
pdbbind,4cjr,3.10
pdbbind,4kz6,3.10
pdbbind,5eh8,3.10
pdbbind,5orw,3.10
pdbbind,3c2r,3.11
pdbbind,4bt3,3.12
pdbbind,4cgi,3.12
pdbbind,5ey4,3.12
pdbbind,1ax0,3.13
pdbbind,5c5t,3.13
pdbbind,6d1k,3.13
pdbbind,2ya7,3.14
pdbbind,4b34,3.14
pdbbind,6g27,3.14
pdbbind,1e6q,3.15
pdbbind,4de5,3.15
pdbbind,4fzj,3.15
pdbbind,5flo,3.15
pdbbind,5fnf,3.15
pdbbind,6a87,3.15
pdbbind,2ymd,3.16
pdbbind,3f34,3.16
pdbbind,5fot,3.17
pdbbind,5fox,3.17
pdbbind,5ose,3.17
pdbbind,1lbk,3.18
pdbbind,3bug,3.18
pdbbind,3g1v,3.19
pdbbind,4gzx,3.19
pdbbind,6dyn,3.19
pdbbind,6ssy,3.19
pdbbind,5cs6,3.20
pdbbind,5ijr,3.20
pdbbind,1s5z,3.21
pdbbind,1br6,3.22
pdbbind,1e6s,3.22
pdbbind,1ew9,3.22
pdbbind,1k1y,3.22
pdbbind,1zc9,3.22
pdbbind,2ri9,3.22
pdbbind,2uy3,3.22
pdbbind,4n5d,3.22
pdbbind,1px4,3.23
pdbbind,3zsy,3.23
pdbbind,4lm1,3.23
pdbbind,4unp,3.23
pdbbind,5qay,3.23
pdbbind,3qfz,3.24
pdbbind,4b2l,3.24
pdbbind,4qlk,3.24
pdbbind,1v2j,3.25
pdbbind,3ta1,3.25
pdbbind,4lm0,3.25
pdbbind,5yas,3.26
pdbbind,3ioe,3.27
pdbbind,1bcu,3.28
pdbbind,3d52,3.28
pdbbind,3tfu,3.28
pdbbind,3zsx,3.28
pdbbind,4fl1,3.28
pdbbind,5duw,3.29
pdbbind,6ibk,3.29
pdbbind,1d7j,3.30
pdbbind,1phw,3.30
pdbbind,1tpw,3.30
pdbbind,2vw2,3.30
pdbbind,3aaq,3.30
pdbbind,3hcm,3.30
pdbbind,4ddh,3.30
pdbbind,4jss,3.30
pdbbind,4mrw,3.30
pdbbind,4msa,3.30
pdbbind,4np3,3.30
pdbbind,5g45,3.30
pdbbind,1i2s,3.31
pdbbind,1pzp,3.31
pdbbind,5fe7,3.31
pdbbind,2wk6,3.32
pdbbind,4cjp,3.32
pdbbind,4i7j,3.32
pdbbind,6efj,3.32
pdbbind,6pg3,3.32
pdbbind,6phx,3.32
pdbbind,188l,3.33
pdbbind,1jlr,3.33
pdbbind,4ab9,3.33
pdbbind,4b0b,3.33
pdbbind,4b5t,3.33
pdbbind,4b5w,3.33
pdbbind,3f33,3.34
pdbbind,4b32,3.34
pdbbind,4bt4,3.34
pdbbind,4cp5,3.34
pdbbind,3c2o,3.35
pdbbind,3pwk,3.35
pdbbind,4lkq,3.35
pdbbind,4cj4,3.36
pdbbind,187l,3.37
pdbbind,1tnh,3.37
pdbbind,1v2u,3.37
pdbbind,3d8z,3.37
pdbbind,3n35,3.37
pdbbind,4b33,3.37
pdbbind,6mnv,3.37
pdbbind,2fzg,3.38
pdbbind,3tay,3.38
pdbbind,3w07,3.38
pdbbind,4qll,3.38
pdbbind,4ipn,3.39
pdbbind,4lhm,3.39
pdbbind,5lsh,3.39
pdbbind,5os5,3.39
pdbbind,1bxr,3.40
pdbbind,1f8d,3.40
pdbbind,1ikt,3.40
pdbbind,1l83,3.40
pdbbind,1m83,3.40
pdbbind,1uz4,3.40
pdbbind,3jzh,3.40
pdbbind,4abe,3.40
pdbbind,2v2c,3.41
pdbbind,2qtn,3.42
pdbbind,2sim,3.42
pdbbind,2w08,3.42
pdbbind,3iob,3.42
pdbbind,4llj,3.42
pdbbind,4n8q,3.42
pdbbind,2xog,3.43
pdbbind,3axz,3.43
pdbbind,5osl,3.43
pdbbind,4umc,3.44
pdbbind,6exs,3.44
pdbbind,3nik,3.45
pdbbind,1moq,3.46
pdbbind,3muz,3.46
pdbbind,4k5p,3.46
pdbbind,4tz2,3.46
pdbbind,5qal,3.46
pdbbind,6hgr,3.46
pdbbind,6q4e,3.46
pdbbind,3ta0,3.47
pdbbind,4epy,3.47
pdbbind,4h42,3.47
pdbbind,5ma7,3.47
pdbbind,6pvz,3.47
pdbbind,2p3i,3.48
pdbbind,3g1d,3.48
pdbbind,3gx0,3.48
pdbbind,3nyd,3.48
pdbbind,4k7n,3.48
pdbbind,5eh7,3.48
pdbbind,5xg5,3.48
pdbbind,1c5o,3.49
pdbbind,1utn,3.49
pdbbind,4avs,3.49
pdbbind,4b5s,3.49
pdbbind,5fnd,3.49
pdbbind,6d9x,3.49
pdbbind,6poi,3.49
pdbbind,4i7p,3.50
pdbbind,2r0h,3.51
pdbbind,5cp9,3.51
pdbbind,5h1u,3.51
pdbbind,5mby,3.51
pdbbind,1jys,3.52
pdbbind,2j27,3.52
pdbbind,2vw1,3.52
pdbbind,3mfw,3.52
pdbbind,4mrz,3.52
pdbbind,5mod,3.52
pdbbind,6g25,3.52
pdbbind,185l,3.54
pdbbind,1v2r,3.55
pdbbind,2cle,3.55
pdbbind,2qwc,3.55
pdbbind,4aji,3.55
pdbbind,5btx,3.55
pdbbind,5fpk,3.55
pdbbind,1h46,3.57
pdbbind,1np0,3.57
pdbbind,3ff3,3.57
pdbbind,4abg,3.57
pdbbind,4ck3,3.57
pdbbind,4ibb,3.57
pdbbind,4q8x,3.57
pdbbind,5a7b,3.57
pdbbind,3dx1,3.58
pdbbind,6gjm,3.58
pdbbind,1nli,3.59
pdbbind,2gsu,3.59
pdbbind,4cjq,3.59
pdbbind,4q7v,3.59
pdbbind,5mxf,3.59
pdbbind,6dpz,3.59
pdbbind,6p8a,3.59
pdbbind,6pg4,3.59
pdbbind,1d7i,3.60
pdbbind,2fzk,3.60
pdbbind,2qpu,3.60
pdbbind,2xdk,3.60
pdbbind,3b3x,3.60
pdbbind,3g0i,3.60
pdbbind,3jdw,3.60
pdbbind,4b3b,3.60
pdbbind,4c1y,3.60
pdbbind,5dqf,3.60
pdbbind,5lvr,3.60
pdbbind,3jzj,3.61
pdbbind,3sk2,3.61
pdbbind,5lud,3.61
pdbbind,5oqu,3.61
pdbbind,1pb9,3.62
pdbbind,4bkt,3.62
pdbbind,4rrf,3.62
pdbbind,6mll,3.62
pdbbind,6pge,3.62
pdbbind,5dqe,3.63
pdbbind,5ork,3.63
pdbbind,1gyy,3.64
pdbbind,2azr,3.64
pdbbind,2rk8,3.64
pdbbind,4iuo,3.64
pdbbind,4agl,3.65
pdbbind,5yum,3.65
pdbbind,2v00,3.66
pdbbind,3buh,3.66
pdbbind,3oy8,3.66
pdbbind,3pcn,3.66
pdbbind,3t2q,3.66
pdbbind,4aia,3.66
pdbbind,4fl2,3.66
pdbbind,5m17,3.66
pdbbind,5nzn,3.66
pdbbind,6cq1,3.66
pdbbind,6dyr,3.66
pdbbind,4cig,3.67
pdbbind,4ibd,3.67
pdbbind,5fog,3.67
pdbbind,5fol,3.67
pdbbind,1c3x,3.68
pdbbind,2x6x,3.68
pdbbind,3ioc,3.68
pdbbind,3isj,3.68
pdbbind,4aje,3.68
pdbbind,4io7,3.68
pdbbind,4isu,3.68
pdbbind,6cfc,3.68
pdbbind,2a8g,3.69
pdbbind,4ovg,3.69
pdbbind,4tte,3.69
pdbbind,5dkn,3.69
pdbbind,5os7,3.69
pdbbind,6gg4,3.69
pdbbind,1loq,3.70
pdbbind,1pdz,3.70
pdbbind,1wht,3.70
pdbbind,2bvr,3.70
pdbbind,2fx6,3.70
pdbbind,3l59,3.70
pdbbind,3n7a,3.70
pdbbind,5j41,3.70
pdbbind,6gjj,3.70
pdbbind,6mlp,3.70
pdbbind,6pg6,3.70
pdbbind,2vfk,3.71
pdbbind,3fj7,3.71
pdbbind,3g32,3.71
pdbbind,1ai5,3.72
pdbbind,1grp,3.72
pdbbind,2am4,3.72
pdbbind,2r23,3.72
pdbbind,3f5l,3.72
pdbbind,3q6z,3.72
pdbbind,4tln,3.72
pdbbind,4ufm,3.72
pdbbind,6d1h,3.72
pdbbind,3fjg,3.73
pdbbind,4fz3,3.73
pdbbind,6iou,3.73
pdbbind,1f5k,3.74
pdbbind,2wq5,3.74
pdbbind,4yk0,3.74
pdbbind,6gjr,3.74
pdbbind,3d6p,3.75
pdbbind,2x09,3.76
pdbbind,4tu4,3.76
pdbbind,4w52,3.76
pdbbind,1kui,3.77
pdbbind,2v2h,3.77
pdbbind,3ao2,3.77
pdbbind,4q46,3.77
pdbbind,5qa8,3.77
pdbbind,6euc,3.77
pdbbind,6fuh,3.77
pdbbind,6hgs,3.77
pdbbind,3nq3,3.78
pdbbind,2clk,3.79
pdbbind,1kug,3.80
pdbbind,1li6,3.80
pdbbind,1nje,3.80
pdbbind,2hb1,3.80
pdbbind,3t09,3.80
pdbbind,4ajl,3.80
pdbbind,5h1t,3.80
pdbbind,5uf0,3.80
pdbbind,6g2b,3.80
pdbbind,2hu6,3.81
pdbbind,3ai8,3.81
pdbbind,1hn4,3.82
pdbbind,4aba,3.82
pdbbind,4bks,3.82
pdbbind,4keq,3.82
pdbbind,4mmm,3.82
pdbbind,6e1z,3.82
pdbbind,1j16,3.84
pdbbind,1utj,3.84
pdbbind,3lzz,3.84
pdbbind,5mnn,3.84
pdbbind,2wzs,3.85
pdbbind,2yb0,3.85
pdbbind,3mv0,3.85
pdbbind,4kiu,3.85
pdbbind,5btv,3.85
pdbbind,6pg8,3.85
pdbbind,3spf,3.86
pdbbind,4i9u,3.86
pdbbind,5g4m,3.86
pdbbind,5ldm,3.86
pdbbind,5oh9,3.86
pdbbind,6gjl,3.86
pdbbind,1aj7,3.87
pdbbind,1v16,3.87
pdbbind,3w5n,3.87
pdbbind,3wjw,3.87
pdbbind,4nbk,3.87
pdbbind,5oh3,3.87
pdbbind,6gji,3.87
pdbbind,3si4,3.88
pdbbind,4mjp,3.88
pdbbind,5eqe,3.88
pdbbind,1m0q,3.89
pdbbind,2ctc,3.89
pdbbind,3iae,3.89
pdbbind,4aj4,3.89
pdbbind,4nl1,3.89
pdbbind,4ufk,3.89
pdbbind,1avn,3.90
pdbbind,2gvv,3.90
pdbbind,2qw1,3.90
pdbbind,2rkm,3.90
pdbbind,2vhj,3.90
pdbbind,2vuk,3.90
pdbbind,2wor,3.90
pdbbind,2wos,3.90
pdbbind,4n9c,3.90
pdbbind,4qgi,3.90
pdbbind,6c85,3.90
pdbbind,1kuk,3.91
pdbbind,6d1b,3.91
pdbbind,1pr5,3.92
pdbbind,3ap4,3.92
pdbbind,3twp,3.92
pdbbind,6g9x,3.92
pdbbind,6hzy,3.92
pdbbind,1h5v,3.93
pdbbind,2a5b,3.93
pdbbind,2cbz,3.93
pdbbind,6g9i,3.93
pdbbind,1v1m,3.94
pdbbind,2v3d,3.94
pdbbind,4bi6,3.95
pdbbind,5fou,3.95
pdbbind,5m5d,3.95
pdbbind,6cbg,3.95
pdbbind,6jaq,3.95
pdbbind,1mrs,3.96
pdbbind,2fpz,3.96
pdbbind,2wec,3.96
pdbbind,3c39,3.96
pdbbind,3gt9,3.96
pdbbind,4gqr,3.96
pdbbind,4agn,3.97
pdbbind,4ibg,3.97
pdbbind,1v11,3.98
pdbbind,3b3c,3.98
pdbbind,4agm,3.98
pdbbind,5os8,3.98
pdbbind,5yj8,3.98
pdbbind,6rih,3.98
pdbbind,1rpf,3.99
pdbbind,4i7l,3.99
pdbbind,1e5j,4.00
pdbbind,1lgw,4.00
pdbbind,1tni,4.00
pdbbind,1wc1,4.00
pdbbind,2buv,4.00
pdbbind,2ot1,4.00
pdbbind,2qrl,4.00
pdbbind,2rin,4.00
pdbbind,2whp,4.00
pdbbind,3a1c,4.00
pdbbind,3ijh,4.00
pdbbind,3vd9,4.00
pdbbind,4p6c,4.00
pdbbind,4umb,4.00
pdbbind,5g4n,4.00
pdbbind,5h1v,4.00
pdbbind,5mgk,4.00
pdbbind,5wcm,4.00
pdbbind,1v2w,4.01
pdbbind,3fzn,4.01
pdbbind,2wvz,4.02
pdbbind,3po1,4.02
pdbbind,5vsj,4.02
pdbbind,2q8m,4.03
pdbbind,2x96,4.03
pdbbind,3bxh,4.03
pdbbind,3nq9,4.03
pdbbind,4msn,4.03
pdbbind,5e2l,4.03
pdbbind,5nzf,4.03
pdbbind,6cze,4.03
pdbbind,6hni,4.03
pdbbind,1hi5,4.04
pdbbind,1li2,4.04
pdbbind,6i0z,4.04
pdbbind,6qlt,4.04
pdbbind,2w66,4.05
pdbbind,3n8k,4.05
pdbbind,3qx9,4.05
pdbbind,5gof,4.05
pdbbind,2clh,4.06
pdbbind,3m3c,4.06
pdbbind,5mge,4.06
pdbbind,5om2,4.06
pdbbind,8a3h,4.06
pdbbind,1hyo,4.07
pdbbind,2v2v,4.07
pdbbind,4xmr,4.07
pdbbind,5mpz,4.07
pdbbind,5ot9,4.07
pdbbind,6dai,4.07
pdbbind,6i18,4.07
pdbbind,2rke,4.08
pdbbind,2z1w,4.08
pdbbind,3kwa,4.08
pdbbind,1ai7,4.09
pdbbind,1o0n,4.09
pdbbind,2v88,4.09
pdbbind,4b9z,4.09
pdbbind,4fxp,4.09
pdbbind,5var,4.09
pdbbind,6d1i,4.09
pdbbind,1c5t,4.10
pdbbind,1odj,4.10
pdbbind,2bvs,4.10
pdbbind,3gk1,4.10
pdbbind,3iod,4.10
pdbbind,4cr9,4.10
pdbbind,5cc2,4.10
pdbbind,5kat,4.10
pdbbind,5om3,4.10
pdbbind,5t7s,4.10
pdbbind,6dpy,4.10
pdbbind,6ios,4.10
pdbbind,1p19,4.11
pdbbind,2exm,4.11
pdbbind,3d6o,4.11
pdbbind,3oyw,4.11
pdbbind,3v4t,4.11
pdbbind,4ih5,4.11
pdbbind,5dnu,4.11
pdbbind,5e6o,4.11
pdbbind,5fnc,4.11
pdbbind,3a1d,4.12
pdbbind,3ivc,4.12
pdbbind,3mam,4.12
pdbbind,4de2,4.12
pdbbind,4kxb,4.12
pdbbind,4qfn,4.12
pdbbind,4whs,4.12
pdbbind,4zow,4.12
pdbbind,6cvv,4.12
pdbbind,3ozt,4.13
pdbbind,3qto,4.13
pdbbind,4ovf,4.13
pdbbind,4yc0,4.13
pdbbind,4i7m,4.14
pdbbind,4ibi,4.14
pdbbind,5dq8,4.14
pdbbind,5lvq,4.14
pdbbind,1m2x,4.15
pdbbind,1q91,4.15
pdbbind,2v2q,4.15
pdbbind,2vt3,4.15
pdbbind,2xg9,4.15
pdbbind,3a9i,4.15
pdbbind,3d51,4.15
pdbbind,3sur,4.15
pdbbind,3sus,4.15
pdbbind,4abh,4.15
pdbbind,4cr5,4.15
pdbbind,4ibe,4.15
pdbbind,4kz4,4.15
pdbbind,5aan,4.15
pdbbind,3si3,4.16
pdbbind,4jkw,4.16
pdbbind,5fyx,4.16
pdbbind,5ito,4.16
pdbbind,1v2s,4.17
pdbbind,3qfd,4.17
pdbbind,4oma,4.17
pdbbind,5bw4,4.17
pdbbind,5ldp,4.17
pdbbind,3q2j,4.18
pdbbind,5vgy,4.18
pdbbind,6dy7,4.18
pdbbind,1hi3,4.19
pdbbind,3b3w,4.19
pdbbind,3cft,4.19
pdbbind,3sv2,4.19
pdbbind,4n9a,4.19
pdbbind,4nra,4.19
pdbbind,4q83,4.19
pdbbind,1c5y,4.20
pdbbind,1c87,4.20
pdbbind,1ghw,4.20
pdbbind,3djp,4.20
pdbbind,3qx5,4.20
pdbbind,5fcz,4.20
pdbbind,5ot8,4.20
pdbbind,1odi,4.21
pdbbind,1qk4,4.21
pdbbind,4bqs,4.21
pdbbind,4u6w,4.21
pdbbind,5n99,4.21
pdbbind,5ti0,4.21
pdbbind,5wbo,4.21
pdbbind,1kv5,4.22
pdbbind,1pzi,4.22
pdbbind,1t5f,4.22
pdbbind,1ua4,4.22
pdbbind,3f80,4.22
pdbbind,3kyq,4.22
pdbbind,4gny,4.22
pdbbind,4mo4,4.22
pdbbind,4oak,4.22
pdbbind,5kh3,4.22
pdbbind,2jke,4.23
pdbbind,2jkp,4.23
pdbbind,3zqe,4.23
pdbbind,4qfp,4.23
pdbbind,5fnr,4.23
pdbbind,2bes,4.24
pdbbind,3h78,4.24
pdbbind,5csp,4.24
pdbbind,5e13,4.24
pdbbind,5f8y,4.24
pdbbind,5oh2,4.24
pdbbind,5u0w,4.24
pdbbind,5uff,4.24
pdbbind,5ut6,4.24
pdbbind,1li3,4.25
pdbbind,5b2d,4.25
pdbbind,5ei3,4.25
pdbbind,5km9,4.25
pdbbind,6d1j,4.25
pdbbind,6dys,4.25
pdbbind,6mdu,4.25
pdbbind,2qrk,4.26
pdbbind,3qwc,4.26
pdbbind,4r0a,4.26
pdbbind,4u69,4.26
pdbbind,5f9b,4.26
pdbbind,6gnm,4.26
pdbbind,1m5w,4.27
pdbbind,4qfo,4.27
pdbbind,5mgf,4.27
pdbbind,6hh5,4.27
pdbbind,2vzr,4.28
pdbbind,3f5j,4.28
pdbbind,3gta,4.28
pdbbind,3jrs,4.28
pdbbind,4ufj,4.28
pdbbind,5f2r,4.28
pdbbind,5l4j,4.28
pdbbind,1e2l,4.29
pdbbind,1v2l,4.29
pdbbind,2wuf,4.29
pdbbind,4i3z,4.29
pdbbind,5mgj,4.29
pdbbind,1a30,4.30
pdbbind,1amk,4.30
pdbbind,1det,4.30
pdbbind,1w3k,4.30
pdbbind,2cli,4.30
pdbbind,3ivg,4.30
pdbbind,3t0b,4.30
pdbbind,3upk,4.30
pdbbind,4eoh,4.30
pdbbind,4ibk,4.30
pdbbind,4k7o,4.30
pdbbind,4o61,4.30
pdbbind,4zme,4.30
pdbbind,5ewy,4.30
pdbbind,5jgi,4.30
pdbbind,6fuj,4.30
pdbbind,6q4g,4.30
pdbbind,1ajq,4.31
pdbbind,2tpi,4.31
pdbbind,4kow,4.31
pdbbind,6ajr,4.31
pdbbind,6f20,4.31
pdbbind,6ior,4.31
pdbbind,2ha6,4.32
pdbbind,2qtt,4.32
pdbbind,4q7p,4.32
pdbbind,4rsk,4.32
pdbbind,4u43,4.32
pdbbind,4ucc,4.32
pdbbind,5m28,4.32
pdbbind,6jad,4.32
pdbbind,1olx,4.33
pdbbind,4ibj,4.33
pdbbind,4zcs,4.33
pdbbind,6czb,4.33
pdbbind,6exj,4.33
pdbbind,6g29,4.33
pdbbind,1e3v,4.34
pdbbind,1z6s,4.34
pdbbind,5n3v,4.34
pdbbind,6ajz,4.34
pdbbind,1ghv,4.35
pdbbind,1sv3,4.35
pdbbind,1yfz,4.35
pdbbind,4owv,4.35
pdbbind,5ka7,4.35
pdbbind,6d1a,4.35
pdbbind,6r1a,4.35
pdbbind,1dy4,4.36
pdbbind,2ez7,4.36
pdbbind,4nbn,4.36
pdbbind,1td7,4.37
pdbbind,4gu9,4.37
pdbbind,5oh7,4.37
pdbbind,6qi4,4.37
pdbbind,1bhf,4.38
pdbbind,3b24,4.38
pdbbind,3u9q,4.38
pdbbind,6hgj,4.38
pdbbind,6mla,4.38
pdbbind,6o5u,4.38
pdbbind,2avq,4.39
pdbbind,2hjb,4.39
pdbbind,3djo,4.39
pdbbind,4zt8,4.39
pdbbind,5orh,4.39
pdbbind,5zni,4.39
pdbbind,1p57,4.40
pdbbind,2pwd,4.40
pdbbind,3wgg,4.40
pdbbind,4abd,4.40
pdbbind,4dy6,4.40
pdbbind,4omk,4.40
pdbbind,4pp0,4.40
pdbbind,5uv2,4.40
pdbbind,1no6,4.41
pdbbind,1olu,4.41
pdbbind,2csn,4.41
pdbbind,3rsx,4.41
pdbbind,3uxd,4.41
pdbbind,4exs,4.41
pdbbind,4ou3,4.41
pdbbind,5e74,4.41
pdbbind,5ka9,4.41
pdbbind,1tjp,4.42
pdbbind,3dri,4.42
pdbbind,4cc5,4.42
pdbbind,4ek9,4.42
pdbbind,4q7s,4.42
pdbbind,6h8s,4.42
pdbbind,2pu2,4.43
pdbbind,2we3,4.43
pdbbind,2wyf,4.43
pdbbind,3kqr,4.43
pdbbind,4axd,4.43
pdbbind,4dsy,4.43
pdbbind,4ibf,4.43
pdbbind,4jpy,4.43
pdbbind,4kcx,4.43
pdbbind,4qf9,4.43
pdbbind,4ykj,4.43
pdbbind,4zw5,4.43
pdbbind,5f2p,4.43
pdbbind,5g4o,4.43
pdbbind,5h5f,4.43
pdbbind,5kad,4.43
pdbbind,2amt,4.44
pdbbind,3u81,4.44
pdbbind,5azf,4.44
pdbbind,5d6j,4.44
pdbbind,6np4,4.44
pdbbind,6ppy,4.44
pdbbind,2wbg,4.45
pdbbind,6q3q,4.45
pdbbind,4gki,4.46
pdbbind,4i8n,4.46
pdbbind,5c3p,4.46
pdbbind,5dpx,4.46
pdbbind,5jox,4.46
pdbbind,6fui,4.46
pdbbind,2r2w,4.47
pdbbind,3hl5,4.47
pdbbind,4cu8,4.47
pdbbind,6d1d,4.47
pdbbind,6d1g,4.47
pdbbind,6f05,4.47
pdbbind,1jaq,4.48
pdbbind,1qan,4.48
pdbbind,2ogy,4.48
pdbbind,3p17,4.48
pdbbind,3t01,4.48
pdbbind,4dhl,4.48
pdbbind,4oks,4.48
pdbbind,5ka1,4.48
pdbbind,5ovv,4.48
pdbbind,5tya,4.48
pdbbind,6d15,4.48
pdbbind,1hi4,4.49
pdbbind,1j14,4.49
pdbbind,1o7o,4.49
pdbbind,3hl8,4.49
pdbbind,3kmy,4.49
pdbbind,4cwf,4.49
pdbbind,5isz,4.49
pdbbind,5t19,4.49
pdbbind,6b7a,4.49
pdbbind,3sw8,4.50
pdbbind,5ovx,4.50
pdbbind,5yl2,4.50
pdbbind,6jag,4.50
pdbbind,1gi7,4.51
pdbbind,2r1y,4.51
pdbbind,3aas,4.51
pdbbind,3uug,4.51
pdbbind,4abb,4.51
pdbbind,4g90,4.51
pdbbind,6nu1,4.51
pdbbind,6qlq,4.51
pdbbind,1ctt,4.52
pdbbind,1mrn,4.52
pdbbind,1z4o,4.52
pdbbind,2a4m,4.52
pdbbind,2ra6,4.52
pdbbind,2wm0,4.52
pdbbind,3bzf,4.52
pdbbind,3gy7,4.52
pdbbind,3r6u,4.52
pdbbind,4gzw,4.52
pdbbind,4trc,4.52
pdbbind,5o1f,4.52
pdbbind,5vh0,4.52
pdbbind,6nco,4.52
pdbbind,6p88,4.52
pdbbind,3h30,4.53
pdbbind,6i11,4.53
pdbbind,1amw,4.54
pdbbind,1b2h,4.54
pdbbind,1lyx,4.54
pdbbind,1szd,4.54
pdbbind,2zz1,4.54
pdbbind,2zz2,4.54
pdbbind,3iub,4.54
pdbbind,4b76,4.54
pdbbind,5etb,4.54
pdbbind,5u0d,4.54
pdbbind,6p5o,4.54
pdbbind,6pga,4.54
pdbbind,6pid,4.54
pdbbind,3b2q,4.55
pdbbind,3djv,4.55
pdbbind,3p8p,4.55
pdbbind,3ppq,4.55
pdbbind,3rr4,4.55
pdbbind,3suv,4.55
pdbbind,4myd,4.55
pdbbind,5c2o,4.55
pdbbind,5oh4,4.55
pdbbind,5oss,4.55
pdbbind,6edr,4.55
pdbbind,6gnp,4.55
pdbbind,4x3k,4.56
pdbbind,5ost,4.56
pdbbind,4fp1,4.57
pdbbind,4or4,4.57
pdbbind,4yrd,4.57
pdbbind,5ko5,4.57
pdbbind,5ovr,4.57
pdbbind,6np5,4.57
pdbbind,4bi7,4.58
pdbbind,5j7q,4.58
pdbbind,5u0g,4.58
pdbbind,1bma,4.59
pdbbind,2ihj,4.59
pdbbind,2jiw,4.59
pdbbind,3hp9,4.59
pdbbind,3ujc,4.59
pdbbind,4c6u,4.59
pdbbind,4g8y,4.59
pdbbind,5k9w,4.59
pdbbind,6fnq,4.59
pdbbind,1pa9,4.60
pdbbind,1tx7,4.60
pdbbind,1u33,4.60
pdbbind,1upf,4.60
pdbbind,2pyy,4.60
pdbbind,2v54,4.60
pdbbind,2vb8,4.60
pdbbind,2vba,4.60
pdbbind,2wlz,4.60
pdbbind,2x0y,4.60
pdbbind,3d7k,4.60
pdbbind,3vhk,4.60
pdbbind,4bc5,4.60
pdbbind,4jal,4.60
pdbbind,4p58,4.60
pdbbind,6n5x,4.60
pdbbind,6p87,4.60
pdbbind,6pgb,4.60
pdbbind,6qe0,4.60
pdbbind,2bo4,4.61
pdbbind,3lgs,4.61
pdbbind,4io4,4.61
pdbbind,4ocq,4.61
pdbbind,5ulp,4.61
pdbbind,6eq1,4.61
pdbbind,1f4f,4.62
pdbbind,2a5c,4.62
pdbbind,2f6t,4.62
pdbbind,2xm2,4.62
pdbbind,3f5k,4.62
pdbbind,3tk2,4.62
pdbbind,3u90,4.62
pdbbind,3umq,4.62
pdbbind,4abf,4.62
pdbbind,4ad3,4.62
pdbbind,4ynl,4.62
pdbbind,5jgq,4.62
pdbbind,6f1j,4.62
pdbbind,3uj9,4.63
pdbbind,4hzm,4.63
pdbbind,5ji8,4.63
pdbbind,5n34,4.63
pdbbind,4psb,4.64
pdbbind,5e73,4.64
pdbbind,5jhk,4.64
pdbbind,6qlu,4.64
pdbbind,3qtv,4.65
pdbbind,4q93,4.65
pdbbind,4w9c,4.65
pdbbind,6b98,4.65
pdbbind,1bzj,4.66
pdbbind,1h4w,4.66
pdbbind,1m1b,4.66
pdbbind,2ca8,4.66
pdbbind,2ha2,4.66
pdbbind,3ddf,4.66
pdbbind,3mss,4.66
pdbbind,4tt2,4.66
pdbbind,5j1r,4.66
pdbbind,5o1d,4.66
pdbbind,6ezq,4.66
pdbbind,6g2c,4.66
pdbbind,6ooy,4.66
pdbbind,6pg7,4.66
pdbbind,6qln,4.66
pdbbind,3vw1,4.67
pdbbind,4gkh,4.67
pdbbind,4nku,4.67
pdbbind,5jsq,4.67
pdbbind,1c5p,4.68
pdbbind,1wn6,4.68
pdbbind,2nsl,4.68
pdbbind,2uy4,4.68
pdbbind,2ypo,4.68
pdbbind,3g35,4.68
pdbbind,4lar,4.68
pdbbind,4ymg,4.68
pdbbind,5a5q,4.68
pdbbind,5aoj,4.68
pdbbind,5eq1,4.68
pdbbind,5fe9,4.68
pdbbind,5k1d,4.68
pdbbind,5kab,4.68
pdbbind,6bm6,4.68
pdbbind,6ift,4.68
pdbbind,2rio,4.69
pdbbind,3ujd,4.69
pdbbind,4agp,4.69
pdbbind,4mgd,4.69
pdbbind,4tpw,4.69
pdbbind,6mg5,4.69
pdbbind,1c5n,4.70
pdbbind,1c86,4.70
pdbbind,2cex,4.70
pdbbind,2dw7,4.70
pdbbind,2fu8,4.70
pdbbind,2i2c,4.70
pdbbind,3kiv,4.70
pdbbind,3nkk,4.70
pdbbind,3suw,4.70
pdbbind,4j7d,4.70
pdbbind,4j93,4.70
pdbbind,4luz,4.70
pdbbind,4lzr,4.70
pdbbind,5h85,4.70
pdbbind,5wbm,4.70
pdbbind,6fba,4.70
pdbbind,6gj6,4.70
pdbbind,6jbe,4.70
pdbbind,6p86,4.70
pdbbind,6r13,4.70
pdbbind,1v2t,4.71
pdbbind,4ljh,4.71
pdbbind,4yb5,4.71
pdbbind,5his,4.71
pdbbind,5kma,4.71
pdbbind,5otc,4.71
pdbbind,6evn,4.71
pdbbind,6ueg,4.71
pdbbind,184l,4.72
pdbbind,1vso,4.72
pdbbind,3ebo,4.72
pdbbind,3f6g,4.72
pdbbind,4zw7,4.72
pdbbind,5hjq,4.72
pdbbind,6qqw,4.72
pdbbind,1v2o,4.73
pdbbind,4ayu,4.73
pdbbind,5gmn,4.73
pdbbind,1bty,4.74
pdbbind,1w4p,4.74
pdbbind,2e2p,4.74
pdbbind,4ih6,4.74
pdbbind,4jxs,4.74
pdbbind,4kyk,4.74
pdbbind,5k03,4.74
pdbbind,5ov8,4.74
pdbbind,6eq5,4.74
pdbbind,6szp,4.74
pdbbind,6t1j,4.74
pdbbind,3nim,4.75
pdbbind,3vw2,4.75
pdbbind,1q8t,4.76
pdbbind,3acw,4.76
pdbbind,3o5n,4.76
pdbbind,4wop,4.76
pdbbind,5lne,4.76
pdbbind,1str,4.77
pdbbind,2afw,4.77
pdbbind,2b4l,4.77
pdbbind,3d50,4.77
pdbbind,3iqu,4.77
pdbbind,3rm9,4.77
pdbbind,4kax,4.77
pdbbind,4uoh,4.77
pdbbind,5iyy,4.77
pdbbind,5mkr,4.77
pdbbind,5mks,4.77
pdbbind,5o5a,4.77
pdbbind,5orj,4.77
pdbbind,6fgg,4.77
pdbbind,6mkw,4.77
pdbbind,6t1l,4.77
pdbbind,4ad6,4.78
pdbbind,6czc,4.78
pdbbind,1oss,4.79
pdbbind,2nsj,4.79
pdbbind,3eb1,4.79
pdbbind,5k1f,4.79
pdbbind,1bju,4.80
pdbbind,1ghz,4.80
pdbbind,2nta,4.80
pdbbind,3bpc,4.80
pdbbind,3dnd,4.80
pdbbind,4aq6,4.80
pdbbind,4llp,4.80
pdbbind,4lzs,4.80
pdbbind,4pb2,4.80
pdbbind,5j3l,4.80
pdbbind,5jzi,4.80
pdbbind,6jap,4.80
pdbbind,4ago,4.81
pdbbind,6p84,4.81
pdbbind,1aid,4.82
pdbbind,1dud,4.82
pdbbind,1f8e,4.82
pdbbind,1v1j,4.82
pdbbind,1xff,4.82
pdbbind,1y3p,4.82
pdbbind,2gl0,4.82
pdbbind,2gzl,4.82
pdbbind,2pwg,4.82
pdbbind,2ypi,4.82
pdbbind,3kmx,4.82
pdbbind,3r88,4.82
pdbbind,3vd4,4.82
pdbbind,4ciw,4.82
pdbbind,4fys,4.82
pdbbind,4ih3,4.82
pdbbind,4io6,4.82
pdbbind,4kwf,4.82
pdbbind,4rlu,4.82
pdbbind,5ewa,4.82
pdbbind,6aox,4.82
pdbbind,6d17,4.82
pdbbind,6h2t,4.82
pdbbind,6qlr,4.82
pdbbind,5efa,4.83
pdbbind,3vvy,4.84
pdbbind,4kif,4.84
pdbbind,4uof,4.84
pdbbind,5d1r,4.84
pdbbind,6jfk,4.84
pdbbind,186l,4.85
pdbbind,1c83,4.85
pdbbind,1ecv,4.85
pdbbind,1n51,4.85
pdbbind,1qji,4.85
pdbbind,1xgi,4.85
pdbbind,2qwd,4.85
pdbbind,2r9x,4.85
pdbbind,2w4x,4.85
pdbbind,3cj2,4.85
pdbbind,3f70,4.85
pdbbind,3ohi,4.85
pdbbind,3ru1,4.85
pdbbind,3zyf,4.85
pdbbind,4hpi,4.85
pdbbind,4iic,4.85
pdbbind,4j7e,4.85
pdbbind,4ovh,4.85
pdbbind,4q87,4.85
pdbbind,5efc,4.85
pdbbind,5ewk,4.85
pdbbind,5jsg,4.85
pdbbind,5o1h,4.85
pdbbind,6gga,4.85
pdbbind,2brb,4.86
pdbbind,5yfs,4.86
pdbbind,6jao,4.86
pdbbind,4ipj,4.87
pdbbind,4q0k,4.87
pdbbind,4rlw,4.87
pdbbind,4rra,4.87
pdbbind,3exh,4.88
pdbbind,3lp4,4.88
pdbbind,3pju,4.88
pdbbind,5nwe,4.88
pdbbind,6jon,4.88
pdbbind,1p1q,4.89
pdbbind,2aoc,4.89
pdbbind,2j77,4.89
pdbbind,2vo5,4.89
pdbbind,3d4z,4.89
pdbbind,3juk,4.89
pdbbind,3m8u,4.89
pdbbind,4l9i,4.89
pdbbind,4pnu,4.89
pdbbind,5hbn,4.89
pdbbind,5ii2,4.89
pdbbind,5ipc,4.89
pdbbind,5j7w,4.89
pdbbind,5l3a,4.89
pdbbind,5o9o,4.89
pdbbind,5oha,4.89
pdbbind,5z7b,4.89
pdbbind,6i5g,4.89
pdbbind,6jdl,4.89
pdbbind,6qrc,4.89
pdbbind,3cf8,4.90
pdbbind,1km3,4.91
pdbbind,5l8a,4.91
pdbbind,6dgr,4.91
pdbbind,1bzc,4.92
pdbbind,1e1v,4.92
pdbbind,1jqy,4.92
pdbbind,2haw,4.92
pdbbind,3eax,4.92
pdbbind,3rv8,4.92
pdbbind,4j47,4.92
pdbbind,5d3t,4.92
pdbbind,5evk,4.92
pdbbind,5otr,4.92
pdbbind,6dq4,4.92
pdbbind,6j0o,4.92
pdbbind,6pg9,4.92
pdbbind,6qqv,4.92
pdbbind,6r11,4.92
pdbbind,6r18,4.92
pdbbind,3uxk,4.93
pdbbind,4ido,4.93
pdbbind,1e2k,4.94
pdbbind,2gss,4.94
pdbbind,2vo4,4.94
pdbbind,2vpe,4.94
pdbbind,4dmw,4.94
pdbbind,4ts1,4.94
pdbbind,6hmg,4.94
pdbbind,1jn4,4.95
pdbbind,2x95,4.95
pdbbind,4bup,4.95
pdbbind,5yz2,4.95
pdbbind,1dar,4.96
pdbbind,1elr,4.96
pdbbind,1o5g,4.96
pdbbind,1tsy,4.96
pdbbind,1uz8,4.96
pdbbind,2vjx,4.96
pdbbind,2w67,4.96
pdbbind,3bxg,4.96
pdbbind,3veh,4.96
pdbbind,3zsq,4.96
pdbbind,4jsa,4.96
pdbbind,4rlt,4.96
pdbbind,5ioz,4.96
pdbbind,6gjw,4.96
pdbbind,6pg5,4.96
pdbbind,6pia,4.96
pdbbind,6r0v,4.96
pdbbind,3qbc,4.97
pdbbind,4e3g,4.97
pdbbind,4in9,4.97
pdbbind,6arm,4.97
pdbbind,2w47,4.98
pdbbind,4re2,4.98
pdbbind,6jof,4.98
pdbbind,4w9d,4.99
pdbbind,5gj9,4.99
pdbbind,6gnw,4.99
pdbbind,6p85,4.99
pdbbind,1c84,5.00
pdbbind,1hlk,5.00
pdbbind,1nc3,5.00
pdbbind,1o35,5.00
pdbbind,1ql7,5.00
pdbbind,2oiq,5.00
pdbbind,2oym,5.00
pdbbind,2vxn,5.00
pdbbind,3cfn,5.00
pdbbind,3gbe,5.00
pdbbind,3k02,5.00
pdbbind,3p9m,5.00
pdbbind,4czs,5.00
pdbbind,4u6c,5.00
pdbbind,4xoe,5.00
pdbbind,4xxh,5.00
pdbbind,5evb,5.00
pdbbind,5evd,5.00
pdbbind,5itp,5.00
pdbbind,5x54,5.00
pdbbind,5yft,5.00
pdbbind,1ppi,5.01
pdbbind,2glp,5.01
pdbbind,4agq,5.01
pdbbind,5oa2,5.01
pdbbind,6g2e,5.01
pdbbind,6p89,5.01
pdbbind,2d0k,5.02
pdbbind,2xbp,5.02
pdbbind,3bgc,5.02
pdbbind,3usx,5.02
pdbbind,4u70,5.02
pdbbind,4w9l,5.02
pdbbind,6hgf,5.02
pdbbind,1i1e,5.03
pdbbind,4io5,5.03
pdbbind,4np9,5.03
pdbbind,5mrm,5.03
pdbbind,5n3y,5.03
pdbbind,1mfa,5.04
pdbbind,3tz0,5.04
pdbbind,4jym,5.04
pdbbind,4lk7,5.04
pdbbind,5d3n,5.04
pdbbind,5f25,5.04
pdbbind,5lyn,5.04
pdbbind,5ovp,5.04
pdbbind,6ajv,5.04
pdbbind,6j7e,5.04
pdbbind,1dgm,5.05
pdbbind,1fkw,5.05
pdbbind,1qxk,5.05
pdbbind,3aau,5.05
pdbbind,3s76,5.05
pdbbind,4euo,5.05
pdbbind,4oct,5.05
pdbbind,4rqv,5.05
pdbbind,4yzu,5.05
pdbbind,5i3a,5.05
pdbbind,6d50,5.05
pdbbind,6exi,5.05
pdbbind,6kjd,5.05
pdbbind,6mlg,5.05
pdbbind,2v77,5.06
pdbbind,2yge,5.06
pdbbind,3f68,5.06
pdbbind,4h7q,5.06
pdbbind,5a2i,5.06
pdbbind,5c1w,5.06
pdbbind,6qlo,5.06
pdbbind,2c3l,5.07
pdbbind,2xm1,5.07
pdbbind,2yfa,5.07
pdbbind,3juo,5.07
pdbbind,5hwv,5.07
pdbbind,5u12,5.07
pdbbind,6j9y,5.07
pdbbind,6jtc,5.07
pdbbind,6n0k,5.07
pdbbind,6qr1,5.07
pdbbind,6r4k,5.07
pdbbind,1enu,5.08
pdbbind,1gfy,5.08
pdbbind,2qtg,5.08
pdbbind,3tb6,5.08
pdbbind,4oiv,5.08
pdbbind,5n2t,5.08
pdbbind,6d16,5.08
pdbbind,1m48,5.09
pdbbind,1nw7,5.09
pdbbind,2ygf,5.09
pdbbind,5fhm,5.09
pdbbind,5o9p,5.09
pdbbind,6n3x,5.09
pdbbind,1ez9,5.10
pdbbind,1kmy,5.10
pdbbind,1od8,5.10
pdbbind,1onz,5.10
pdbbind,1v0k,5.10
pdbbind,1w7g,5.10
pdbbind,2r9w,5.10
pdbbind,3gy4,5.10
pdbbind,3p4v,5.10
pdbbind,4dcs,5.10
pdbbind,5d3h,5.10
pdbbind,6ce6,5.10
pdbbind,6md6,5.10
pdbbind,6s56,5.10
pdbbind,6s57,5.10
pdbbind,1k4h,5.11
pdbbind,1yp9,5.11
pdbbind,3k4d,5.11
pdbbind,3ozj,5.11
pdbbind,4qfl,5.11
pdbbind,5kej,5.11
pdbbind,5u0e,5.11
pdbbind,6jdi,5.11
pdbbind,1qaw,5.12
pdbbind,1uv6,5.12
pdbbind,2web,5.12
pdbbind,3zso,5.12
pdbbind,4f1l,5.12
pdbbind,4h81,5.12
pdbbind,5f74,5.12
pdbbind,6i13,5.12
pdbbind,6n95,5.12
pdbbind,6qe5,5.12
pdbbind,3s9e,5.13
pdbbind,5d3p,5.13
pdbbind,6f9u,5.13
pdbbind,6j9w,5.13
pdbbind,6st0,5.13
pdbbind,1y3x,5.14
pdbbind,2br1,5.14
pdbbind,2yaz,5.14
pdbbind,3tao,5.14
pdbbind,4ejl,5.14
pdbbind,5kva,5.14
pdbbind,6dak,5.14
pdbbind,1jcx,5.15
pdbbind,1jvu,5.15
pdbbind,1o0m,5.15
pdbbind,1pb8,5.15
pdbbind,1qk3,5.15
pdbbind,1s38,5.15
pdbbind,1thz,5.15
pdbbind,2afx,5.15
pdbbind,3ozr,5.15
pdbbind,4h85,5.15
pdbbind,4jpx,5.15
pdbbind,4qrh,5.15
pdbbind,6aro,5.15
pdbbind,6nu5,5.15
pdbbind,3b27,5.16
pdbbind,5ufc,5.16
pdbbind,6mjf,5.16
pdbbind,6om8,5.16
pdbbind,2zfp,5.17
pdbbind,3b7j,5.17
pdbbind,4gkm,5.17
pdbbind,5ahw,5.17
pdbbind,5aut,5.17
pdbbind,5ohy,5.17
pdbbind,6cbf,5.17
pdbbind,6g2f,5.17
pdbbind,6qqq,5.17
pdbbind,1ft7,5.18
pdbbind,3w37,5.18
pdbbind,4duh,5.18
pdbbind,4iif,5.18
pdbbind,4u73,5.18
pdbbind,1ocq,5.19
pdbbind,1ogg,5.19
pdbbind,1oxr,5.19
pdbbind,1rnt,5.19
pdbbind,2qdt,5.19
pdbbind,4ezz,5.19
pdbbind,5otz,5.19
pdbbind,6arn,5.19
pdbbind,3ov1,5.20
pdbbind,3uu1,5.20
pdbbind,4a6s,5.20
pdbbind,4ezr,5.20
pdbbind,1nw5,5.21
pdbbind,1o2r,5.21
pdbbind,4cwo,5.21
pdbbind,4few,5.21
pdbbind,4je8,5.21
pdbbind,4m0r,5.21
pdbbind,5o9q,5.21
pdbbind,5ty9,5.21
pdbbind,5zyg,5.21
pdbbind,6iht,5.21
pdbbind,6t1m,5.21
pdbbind,1bq4,5.22
pdbbind,1j17,5.22
pdbbind,1o5c,5.22
pdbbind,1ucn,5.22
pdbbind,1w4o,5.22
pdbbind,1zea,5.22
pdbbind,2gz2,5.22
pdbbind,2hxm,5.22
pdbbind,2wzm,5.22
pdbbind,2zxd,5.22
pdbbind,3dne,5.22
pdbbind,3iof,5.22
pdbbind,3lq2,5.22
pdbbind,3ms9,5.22
pdbbind,3n1c,5.22
pdbbind,3ppp,5.22
pdbbind,3q71,5.22
pdbbind,3qxt,5.22
pdbbind,4lrr,5.22
pdbbind,4u71,5.22
pdbbind,5ev8,5.22
pdbbind,5ja0,5.22
pdbbind,1b4z,5.23
pdbbind,1ndw,5.23
pdbbind,2q38,5.23
pdbbind,6bhv,5.23
pdbbind,6jam,5.23
pdbbind,6pu3,5.23
pdbbind,1fh7,5.24
pdbbind,1q8w,5.24
pdbbind,1s89,5.24
pdbbind,2jfz,5.24
pdbbind,3pb8,5.24
pdbbind,3ueu,5.24
pdbbind,4gue,5.24
pdbbind,4idn,5.24
pdbbind,4ih7,5.24
pdbbind,4non,5.24
pdbbind,4y59,5.24
pdbbind,4zv1,5.24
pdbbind,5d24,5.24
pdbbind,5d3j,5.24
pdbbind,5edd,5.24
pdbbind,5w1e,5.24
pdbbind,6gxg,5.24
pdbbind,2bfr,5.25
pdbbind,3r24,5.25
pdbbind,5b5f,5.25
pdbbind,5b5g,5.25
pdbbind,5twj,5.25
pdbbind,1w4q,5.26
pdbbind,3n9s,5.26
pdbbind,4omj,5.26
pdbbind,5gs9,5.26
pdbbind,6t1i,5.26
pdbbind,2x7u,5.27
pdbbind,3tkw,5.27
pdbbind,4jfs,5.27
pdbbind,5hwu,5.27
pdbbind,5irr,5.27
pdbbind,5ltn,5.27
pdbbind,1b46,5.28
pdbbind,1f5l,5.28
pdbbind,3bbf,5.28
pdbbind,3o5x,5.28
pdbbind,4e70,5.28
pdbbind,4j46,5.28
pdbbind,5ect,5.28
pdbbind,5g5f,5.28
pdbbind,5xpi,5.28
pdbbind,6ajy,5.28
pdbbind,6qlp,5.28
pdbbind,1c88,5.29
pdbbind,2wc4,5.29
pdbbind,5hrv,5.29
pdbbind,5hrx,5.29
pdbbind,1a69,5.30
pdbbind,1h6h,5.30
pdbbind,1o0f,5.30
pdbbind,1srg,5.30
pdbbind,2q7q,5.30
pdbbind,2vk6,5.30
pdbbind,3p9l,5.30
pdbbind,3pgl,5.30
pdbbind,3upv,5.30
pdbbind,5eyr,5.30
pdbbind,6d2o,5.30
pdbbind,6eeb,5.30
pdbbind,6ml9,5.30
pdbbind,6qqu,5.30
pdbbind,6r1w,5.30
pdbbind,1hk4,5.31
pdbbind,1mfd,5.31
pdbbind,4or6,5.31
pdbbind,4u1b,5.31
pdbbind,5eij,5.31
pdbbind,5n2z,5.31
pdbbind,1lvu,5.32
pdbbind,1y20,5.32
pdbbind,4ipi,5.32
pdbbind,4us3,5.32
pdbbind,5g1z,5.32
pdbbind,5n17,5.32
pdbbind,6g0z,5.32
pdbbind,6h1u,5.32
pdbbind,2c80,5.33
pdbbind,3arx,5.33
pdbbind,3ozs,5.33
pdbbind,3q1x,5.33
pdbbind,6u6w,5.33
pdbbind,1hee,5.34
pdbbind,1zgi,5.34
pdbbind,3hkq,5.34
pdbbind,3k4q,5.34
pdbbind,3nee,5.34
pdbbind,5l4m,5.34
pdbbind,5o9y,5.34
pdbbind,5u14,5.34
pdbbind,5wp5,5.34
pdbbind,1ql9,5.35
pdbbind,2fxv,5.35
pdbbind,2gkl,5.35
pdbbind,3hkn,5.35
pdbbind,5u11,5.35
pdbbind,6ep4,5.35
pdbbind,6of5,5.35
pdbbind,6pgc,5.35
pdbbind,6qls,5.35
pdbbind,1adl,5.36
pdbbind,3bv9,5.36
pdbbind,3ldq,5.36
pdbbind,3mf5,5.36
pdbbind,1gpk,5.37
pdbbind,1sgu,5.37
pdbbind,3qt6,5.37
pdbbind,6eyb,5.37
pdbbind,6n0j,5.37
pdbbind,1g3e,5.38
pdbbind,3tif,5.38
pdbbind,4f7v,5.38
pdbbind,5mek,5.38
pdbbind,6olx,5.38
pdbbind,1qbv,5.39
pdbbind,2h6b,5.39
pdbbind,3hkt,5.39
pdbbind,3m1k,5.39
pdbbind,4cl6,5.39
pdbbind,4ej8,5.39
pdbbind,5chk,5.39
pdbbind,5o9r,5.39
pdbbind,6ggb,5.39
pdbbind,6ggf,5.39
pdbbind,6ma2,5.39
pdbbind,1bp0,5.40
pdbbind,1f8b,5.40
pdbbind,1m7i,5.40
pdbbind,1mmr,5.40
pdbbind,1pz5,5.40
pdbbind,1r9l,5.40
pdbbind,1trd,5.40
pdbbind,2c1p,5.40
pdbbind,2f35,5.40
pdbbind,2i80,5.40
pdbbind,2jdm,5.40
pdbbind,2qg2,5.40
pdbbind,3b4p,5.40
pdbbind,4c5d,5.40
pdbbind,4ij1,5.40
pdbbind,4m3p,5.40
pdbbind,4ozj,5.40
pdbbind,4pin,5.40
pdbbind,5ep7,5.40
pdbbind,5eqp,5.40
pdbbind,5fns,5.40
pdbbind,5jsj,5.40
pdbbind,5l9o,5.40
pdbbind,5lsg,5.40
pdbbind,5mqe,5.40
pdbbind,5tef,5.40
pdbbind,6ny0,5.40
pdbbind,6r1d,5.40
pdbbind,2j47,5.41
pdbbind,4tun,5.41
pdbbind,4u6z,5.41
pdbbind,4uma,5.41
pdbbind,5cbs,5.41
pdbbind,5u13,5.41
pdbbind,6mm2,5.41
pdbbind,2vpo,5.42
pdbbind,4fev,5.42
pdbbind,4nxv,5.42
pdbbind,6hgg,5.42
pdbbind,3ng4,5.43
pdbbind,4f5y,5.43
pdbbind,4pox,5.43
pdbbind,1h0a,5.44
pdbbind,1syi,5.44
pdbbind,2q6f,5.44
pdbbind,2wr8,5.44
pdbbind,3lp7,5.44
pdbbind,3u10,5.44
pdbbind,4dju,5.44
pdbbind,5ave,5.44
pdbbind,5e3a,5.44
pdbbind,5tp0,5.44
pdbbind,6gnr,5.44
pdbbind,6n3y,5.44
pdbbind,6r1b,5.44
pdbbind,2iko,5.45
pdbbind,3mi3,5.45
pdbbind,1b4h,5.46
pdbbind,1q65,5.46
pdbbind,5mnr,5.46
pdbbind,5nka,5.46
pdbbind,5txy,5.46
pdbbind,6dzx,5.46
pdbbind,6ekq,5.46
pdbbind,6gdy,5.46
pdbbind,6nxz,5.46
pdbbind,6t1n,5.46
pdbbind,1g7f,5.47
pdbbind,1gi1,5.47
pdbbind,1xh5,5.47
pdbbind,2r0z,5.47
pdbbind,2xde,5.47
pdbbind,4n6g,5.47
pdbbind,4n7m,5.47
pdbbind,4qb3,5.47
pdbbind,5nn5,5.47
pdbbind,5u0f,5.47
pdbbind,6c7w,5.47
pdbbind,1g85,5.48
pdbbind,2cbv,5.48
pdbbind,2zkj,5.48
pdbbind,3bxe,5.48
pdbbind,3iw6,5.48
pdbbind,3zdv,5.48
pdbbind,4jfm,5.48
pdbbind,4kp8,5.48
pdbbind,4pf5,5.48
pdbbind,4uc5,5.48
pdbbind,5aqz,5.48
pdbbind,5hrw,5.48
pdbbind,6dd0,5.48
pdbbind,1pot,5.49
pdbbind,1pyn,5.49
pdbbind,2h4k,5.49
pdbbind,2o0u,5.49
pdbbind,2uy5,5.49
pdbbind,3bvb,5.49
pdbbind,3ga5,5.49
pdbbind,3hmp,5.49
pdbbind,3i73,5.49
pdbbind,4w9f,5.49
pdbbind,5avf,5.49
pdbbind,6g14,5.49
pdbbind,6qr2,5.49
pdbbind,3tza,5.50
pdbbind,3da9,5.51
pdbbind,3kgt,5.51
pdbbind,4k55,5.51
pdbbind,4qxo,5.51
pdbbind,4zba,5.51
pdbbind,4zgk,5.51
pdbbind,5cks,5.51
pdbbind,5oa6,5.51
pdbbind,6dgq,5.51
pdbbind,6gfz,5.51
pdbbind,1kc7,5.52
pdbbind,1oe8,5.52
pdbbind,1ydr,5.52
pdbbind,2cht,5.52
pdbbind,2ydt,5.52
pdbbind,3hzm,5.52
pdbbind,3iog,5.52
pdbbind,4en4,5.52
pdbbind,5f08,5.52
pdbbind,5j1x,5.52
pdbbind,5mrp,5.52
pdbbind,5nn6,5.52
pdbbind,6dgl,5.52
pdbbind,5dus,5.53
pdbbind,1bjv,5.54
pdbbind,2olb,5.54
pdbbind,2y7i,5.54
pdbbind,3bxf,5.54
pdbbind,3jyr,5.54
pdbbind,3ubd,5.54
pdbbind,3v78,5.54
pdbbind,4nxu,5.54
pdbbind,4qij,5.54
pdbbind,4r4c,5.54
pdbbind,5a81,5.54
pdbbind,1g3d,5.55
pdbbind,1njc,5.55
pdbbind,1y3n,5.55
pdbbind,2iuz,5.55
pdbbind,3uzj,5.55
pdbbind,4pqa,5.55
pdbbind,5gja,5.55
pdbbind,5vd3,5.55
pdbbind,6bs4,5.55
pdbbind,6ouv,5.55
pdbbind,4o3f,5.56
pdbbind,6mxc,5.56
pdbbind,1jak,5.57
pdbbind,1njd,5.57
pdbbind,2nmx,5.57
pdbbind,3bex,5.57
pdbbind,3coz,5.57
pdbbind,3uxl,5.57
pdbbind,3vtr,5.57
pdbbind,6i12,5.57
pdbbind,3jup,5.58
pdbbind,3su5,5.58
pdbbind,1f4x,5.59
pdbbind,1fo0,5.59
pdbbind,1mfi,5.59
pdbbind,3sha,5.59
pdbbind,4bqh,5.59
pdbbind,4cwn,5.59
pdbbind,4tkb,5.59
pdbbind,5afv,5.59
pdbbind,5n9r,5.59
pdbbind,5t9w,5.59
pdbbind,6fnr,5.59
pdbbind,6t1o,5.59
pdbbind,1vfn,5.60
pdbbind,2wca,5.60
pdbbind,2yhw,5.60
pdbbind,3bl1,5.60
pdbbind,3e6y,5.60
pdbbind,3qps,5.60
pdbbind,4zzy,5.60
pdbbind,6h1d,5.60
pdbbind,3u5j,5.61
pdbbind,6n3v,5.61
pdbbind,1ejn,5.62
pdbbind,2bmk,5.62
pdbbind,3e3c,5.62
pdbbind,3ip9,5.62
pdbbind,3ldp,5.62
pdbbind,3lpl,5.62
pdbbind,3nes,5.62
pdbbind,4dzy,5.62
pdbbind,4iid,5.62
pdbbind,4j48,5.62
pdbbind,5wgp,5.62
pdbbind,6h29,5.62
pdbbind,6j3o,5.62
pdbbind,3gy3,5.63
pdbbind,3rf5,5.63
pdbbind,5d0c,5.63
pdbbind,5jq5,5.63
pdbbind,1f57,5.64
pdbbind,1y3v,5.64
pdbbind,1z9g,5.64
pdbbind,2ojg,5.64
pdbbind,2reg,5.64
pdbbind,3fwv,5.64
pdbbind,3n86,5.64
pdbbind,3s8l,5.64
pdbbind,4deu,5.64
pdbbind,6ets,5.64
pdbbind,6j0g,5.64
pdbbind,3q7q,5.65
pdbbind,1n5r,5.66
pdbbind,1nhu,5.66
pdbbind,2aod,5.66
pdbbind,2erz,5.66
pdbbind,2x97,5.66
pdbbind,3ery,5.66
pdbbind,3td4,5.66
pdbbind,3zi8,5.66
pdbbind,4zek,5.66
pdbbind,5c28,5.66
pdbbind,5g5z,5.66
pdbbind,6cjv,5.66
pdbbind,6jaw,5.66
pdbbind,6pi6,5.66
pdbbind,2h15,5.67
pdbbind,2pqz,5.67
pdbbind,2qwf,5.67
pdbbind,4ncn,5.67
pdbbind,5ouh,5.67
pdbbind,6f28,5.67
pdbbind,6gon,5.67
pdbbind,1gnn,5.68
pdbbind,2c92,5.68
pdbbind,2cbu,5.68
pdbbind,2q8z,5.68
pdbbind,2uyq,5.68
pdbbind,3oil,5.68
pdbbind,4c52,5.68
pdbbind,4det,5.68
pdbbind,4l4z,5.68
pdbbind,4q9y,5.68
pdbbind,5n18,5.68
pdbbind,5o2d,5.68
pdbbind,6qge,5.68
pdbbind,6bdy,5.69
pdbbind,1a99,5.70
pdbbind,1egh,5.70
pdbbind,1g98,5.70
pdbbind,1jsv,5.70
pdbbind,1n1m,5.70
pdbbind,1pgp,5.70
pdbbind,2a14,5.70
pdbbind,2avm,5.70
pdbbind,2f2h,5.70
pdbbind,2h3e,5.70
pdbbind,2i4z,5.70
pdbbind,2ya6,5.70
pdbbind,3acx,5.70
pdbbind,3c4h,5.70
pdbbind,3d4y,5.70
pdbbind,3fhb,5.70
pdbbind,3kku,5.70
pdbbind,4bs0,5.70
pdbbind,4f39,5.70
pdbbind,4j28,5.70
pdbbind,4l2l,5.70
pdbbind,4pzv,5.70
pdbbind,5dlx,5.70
pdbbind,5lz4,5.70
pdbbind,5mro,5.70
pdbbind,6f9g,5.70
pdbbind,6hd6,5.70
pdbbind,6jay,5.70
pdbbind,6n8x,5.70
pdbbind,6o5g,5.70
pdbbind,2uz9,5.71
pdbbind,3wvm,5.71
pdbbind,6q60,5.71
pdbbind,2qg0,5.72
pdbbind,2v25,5.72
pdbbind,3jvr,5.72
pdbbind,3shc,5.72
pdbbind,4br3,5.72
pdbbind,4dkp,5.72
pdbbind,4zw6,5.72
pdbbind,6eyt,5.72
pdbbind,3bqc,5.73
pdbbind,3m3z,5.73
pdbbind,4j44,5.73
pdbbind,1o33,5.74
pdbbind,1o5e,5.74
pdbbind,1qy2,5.74
pdbbind,1zdp,5.74
pdbbind,2pgz,5.74
pdbbind,2pqc,5.74
pdbbind,3gy2,5.74
pdbbind,3ivx,5.74
pdbbind,3pb7,5.74
pdbbind,3wz7,5.74
pdbbind,4lps,5.74
pdbbind,4o2b,5.74
pdbbind,4tkh,5.74
pdbbind,5cbr,5.74
pdbbind,5eis,5.74
pdbbind,5mwh,5.74
pdbbind,5om7,5.74
pdbbind,5ota,5.74
pdbbind,5u4b,5.74
pdbbind,6mh7,5.74
pdbbind,2ya8,5.75
pdbbind,4mn3,5.75
pdbbind,5zdb,5.75
pdbbind,6e6m,5.75
pdbbind,6i8t,5.75
pdbbind,1p1o,5.76
pdbbind,2qta,5.76
pdbbind,4a95,5.76
pdbbind,4muv,5.76
pdbbind,4nwc,5.76
pdbbind,6jav,5.76
pdbbind,1jmf,5.77
pdbbind,1ur9,5.77
pdbbind,2boj,5.77
pdbbind,2xp7,5.77
pdbbind,3k00,5.77
pdbbind,3rm4,5.77
pdbbind,4fxq,5.77
pdbbind,4j45,5.77
pdbbind,4q9o,5.77
pdbbind,5fsn,5.77
pdbbind,5nw7,5.77
pdbbind,5zym,5.77
pdbbind,6eij,5.77
pdbbind,4l4v,5.78
pdbbind,1hmt,5.79
pdbbind,2y5h,5.79
pdbbind,4q4q,5.79
pdbbind,5mo8,5.79
pdbbind,5n31,5.79
pdbbind,6jan,5.79
pdbbind,1kpm,5.80
pdbbind,1ppm,5.80
pdbbind,2q88,5.80
pdbbind,4ezx,5.80
pdbbind,4g8v,5.80
pdbbind,4rhx,5.80
pdbbind,4ymq,5.80
pdbbind,4ysl,5.80
pdbbind,5oei,5.80
pdbbind,6czf,5.80
pdbbind,6eog,5.80
pdbbind,6mnc,5.80
pdbbind,1lkl,5.81
pdbbind,6ey8,5.81
pdbbind,6n3w,5.81
pdbbind,1hdq,5.82
pdbbind,1kav,5.82
pdbbind,1ols,5.82
pdbbind,2nn1,5.82
pdbbind,3b7i,5.82
pdbbind,3gss,5.82
pdbbind,3iue,5.82
pdbbind,3qqa,5.82
pdbbind,3qqs,5.82
pdbbind,3wz8,5.82
pdbbind,4dld,5.82
pdbbind,4e9u,5.82
pdbbind,4lj8,5.82
pdbbind,4p5d,5.82
pdbbind,4r4o,5.82
pdbbind,4rqk,5.82
pdbbind,4z84,5.82
pdbbind,4zec,5.82
pdbbind,5d2r,5.82
pdbbind,5tb6,5.82
pdbbind,6bs3,5.82
pdbbind,6ced,5.82
pdbbind,6ftp,5.82
pdbbind,6i14,5.82
pdbbind,4do5,5.83
pdbbind,4km2,5.84
pdbbind,5dw2,5.84
pdbbind,6bm5,5.84
pdbbind,1k4g,5.85
pdbbind,1o2w,5.85
pdbbind,1ogz,5.85
pdbbind,1q54,5.85
pdbbind,1qbn,5.85
pdbbind,1u1w,5.85
pdbbind,2pu1,5.85
pdbbind,2r3t,5.85
pdbbind,2vmf,5.85
pdbbind,2z94,5.85
pdbbind,3e5u,5.85
pdbbind,3ehy,5.85
pdbbind,4b6r,5.85
pdbbind,4des,5.85
pdbbind,4qdk,5.85
pdbbind,4rww,5.85
pdbbind,5egu,5.85
pdbbind,5eng,5.85
pdbbind,5lso,5.85
pdbbind,5mme,5.85
pdbbind,5ndf,5.85
pdbbind,5oq8,5.85
pdbbind,6d18,5.85
pdbbind,6pvv,5.85
pdbbind,4azc,5.86
pdbbind,4jne,5.86
pdbbind,4xya,5.86
pdbbind,3tcg,5.87
pdbbind,5eh5,5.87
pdbbind,5lif,5.87
pdbbind,5za7,5.87
pdbbind,6gj8,5.87
pdbbind,4cfl,5.88
pdbbind,4zei,5.88
pdbbind,6fmc,5.88
pdbbind,1b3l,5.89
pdbbind,1e1x,5.89
pdbbind,1ydk,5.89
pdbbind,2brm,5.89
pdbbind,2tmn,5.89
pdbbind,3eeb,5.89
pdbbind,3h1x,5.89
pdbbind,3qgw,5.89
pdbbind,3uev,5.89
pdbbind,4arb,5.89
pdbbind,4de0,5.89
pdbbind,4wk1,5.89
pdbbind,5fsy,5.89
pdbbind,5t8p,5.89
pdbbind,6dpx,5.89
pdbbind,6eq2,5.89
pdbbind,1v2n,5.90
pdbbind,2weq,5.90
pdbbind,3old,5.90
pdbbind,5fhn,5.90
pdbbind,5lvl,5.90
pdbbind,6md0,5.90
pdbbind,1ugx,5.91
pdbbind,3ebp,5.91
pdbbind,4csd,5.91
pdbbind,5cp5,5.91
pdbbind,6ey9,5.91
pdbbind,1a4w,5.92
pdbbind,1jao,5.92
pdbbind,1kyv,5.92
pdbbind,1ndv,5.92
pdbbind,1o0h,5.92
pdbbind,1pph,5.92
pdbbind,1qf2,5.92
pdbbind,1qka,5.92
pdbbind,1yds,5.92
pdbbind,1yet,5.92
pdbbind,2ans,5.92
pdbbind,2xn3,5.92
pdbbind,3kgu,5.92
pdbbind,3neo,5.92
pdbbind,3r4m,5.92
pdbbind,3zv7,5.92
pdbbind,4kyh,5.92
pdbbind,4lkk,5.92
pdbbind,4rdn,5.92
pdbbind,4u0f,5.92
pdbbind,4y5d,5.92
pdbbind,5ivc,5.92
pdbbind,5owl,5.92
pdbbind,6eux,5.92
pdbbind,6gw4,5.92
pdbbind,6mh1,5.92
pdbbind,6r8w,5.92
pdbbind,1fv0,5.93
pdbbind,6ej3,5.93
pdbbind,1kv1,5.94
pdbbind,3lmk,5.94
pdbbind,4mr3,5.94
pdbbind,4ra1,5.94
pdbbind,5y13,5.94
pdbbind,2weh,5.95
pdbbind,5a6k,5.95
pdbbind,6epa,5.95
pdbbind,6fz4,5.95
pdbbind,1b9j,5.96
pdbbind,1d6w,5.96
pdbbind,1nl9,5.96
pdbbind,1o36,5.96
pdbbind,1q8u,5.96
pdbbind,2j79,5.96
pdbbind,2xht,5.96
pdbbind,3wz6,5.96
pdbbind,4d4d,5.96
pdbbind,4de1,5.96
pdbbind,4msc,5.96
pdbbind,4w9i,5.96
pdbbind,4zw8,5.96
pdbbind,5od1,5.96
pdbbind,5ovc,5.96
pdbbind,5ttw,5.96
pdbbind,5umx,5.96
pdbbind,5vcw,5.96
pdbbind,6d9s,5.96
pdbbind,6eqp,5.96
pdbbind,1uwt,5.97
pdbbind,4fm8,5.97
pdbbind,4nkt,5.97
pdbbind,4tjz,5.97
pdbbind,4yx4,5.97
pdbbind,1uwu,5.98
pdbbind,6jb4,5.98
pdbbind,3e12,5.99
pdbbind,3huc,5.99
pdbbind,4az5,5.99
pdbbind,6jbb,5.99
pdbbind,1a1e,6.00
pdbbind,1ado,6.00
pdbbind,1c5s,6.00
pdbbind,1ceb,6.00
pdbbind,1d2e,6.00
pdbbind,1f0t,6.00
pdbbind,1jq8,6.00
pdbbind,1ssq,6.00
pdbbind,1xk5,6.00
pdbbind,2bvd,6.00
pdbbind,2gh9,6.00
pdbbind,2izl,6.00
pdbbind,2r43,6.00
pdbbind,2rcn,6.00
pdbbind,2vqt,6.00
pdbbind,2wf5,6.00
pdbbind,3ddg,6.00
pdbbind,3l4w,6.00
pdbbind,3nex,6.00
pdbbind,3ucj,6.00
pdbbind,3uil,6.00
pdbbind,4bb9,6.00
pdbbind,4kwg,6.00
pdbbind,4p3h,6.00
pdbbind,4rr6,6.00
pdbbind,5f0f,6.00
pdbbind,5f1r,6.00
pdbbind,5j82,6.00
pdbbind,5kcb,6.00
pdbbind,5vd1,6.00
pdbbind,6f90,6.00
pdbbind,6qgf,6.00
pdbbind,1b5h,6.01
pdbbind,1eb2,6.01
pdbbind,2vl4,6.01
pdbbind,4b6s,6.01
pdbbind,5mmg,6.01
pdbbind,5uez,6.01
pdbbind,3coy,6.02
pdbbind,3f3c,6.02
pdbbind,3su6,6.02
pdbbind,3zq9,6.02
pdbbind,4og4,6.02
pdbbind,5er1,6.02
pdbbind,5oht,6.02
pdbbind,5yhg,6.02
pdbbind,1okl,6.03
pdbbind,1os0,6.03
pdbbind,1sh9,6.03
pdbbind,1t7d,6.03
pdbbind,2ce9,6.03
pdbbind,4f9u,6.03
pdbbind,4zb8,6.03
pdbbind,5cso,6.03
pdbbind,1xbo,6.04
pdbbind,4km0,6.04
pdbbind,4nuc,6.04
pdbbind,4tkj,6.04
pdbbind,6g3v,6.04
pdbbind,6hm1,6.04
pdbbind,6ic2,6.04
pdbbind,1eoc,6.05
pdbbind,3bgb,6.05
pdbbind,3iss,6.05
pdbbind,3ouj,6.05
pdbbind,3pcf,6.05
pdbbind,4ara,6.05
pdbbind,4kqp,6.05
pdbbind,4m12,6.05
pdbbind,5g2g,6.05
pdbbind,5n0f,6.05
pdbbind,6eln,6.05
pdbbind,1g7q,6.06
pdbbind,1kjr,6.06
pdbbind,1qb6,6.06
pdbbind,2fxs,6.06
pdbbind,2nnd,6.06
pdbbind,3sfg,6.06
pdbbind,4io3,6.06
pdbbind,4l50,6.06
pdbbind,5d3l,6.06
pdbbind,5jhb,6.06
pdbbind,6ge7,6.06
pdbbind,1jmg,6.07
pdbbind,2gst,6.07
pdbbind,2w5g,6.07
pdbbind,3b25,6.07
pdbbind,3c89,6.07
pdbbind,3fvl,6.07
pdbbind,3owj,6.07
pdbbind,6uh0,6.07
pdbbind,1nhz,6.08
pdbbind,2wc3,6.08
pdbbind,2wej,6.08
pdbbind,3bkk,6.08
pdbbind,3iw5,6.08
pdbbind,4kp5,6.08
pdbbind,5h9r,6.08
pdbbind,5u0y,6.08
pdbbind,6qz5,6.08
pdbbind,1o2n,6.09
pdbbind,1ogx,6.09
pdbbind,1w9u,6.09
pdbbind,3p8z,6.09
pdbbind,5d26,6.09
pdbbind,5e7n,6.09
pdbbind,5fso,6.09
pdbbind,6dsp,6.09
pdbbind,6eed,6.09
pdbbind,6hpw,6.09
pdbbind,1azm,6.10
pdbbind,1dzk,6.10
pdbbind,1lgt,6.10
pdbbind,1m2q,6.10
pdbbind,2e7f,6.10
pdbbind,2ewb,6.10
pdbbind,2flr,6.10
pdbbind,2p7a,6.10
pdbbind,2wed,6.10
pdbbind,2yay,6.10
pdbbind,3c8b,6.10
pdbbind,3cke,6.10
pdbbind,3v2n,6.10
pdbbind,4gah,6.10
pdbbind,4kxn,6.10
pdbbind,4kzq,6.10
pdbbind,4l19,6.10
pdbbind,4r5t,6.10
pdbbind,5efh,6.10
pdbbind,6mlo,6.10
pdbbind,1g32,6.11
pdbbind,1m2p,6.11
pdbbind,1o2z,6.11
pdbbind,2qnq,6.11
pdbbind,4kao,6.11
pdbbind,4m7j,6.11
pdbbind,4tqn,6.11
pdbbind,5f1x,6.11
pdbbind,5kax,6.11
pdbbind,6b4d,6.11
pdbbind,6hq7,6.11
pdbbind,1nc1,6.12
pdbbind,1x8r,6.12
pdbbind,2fgv,6.12
pdbbind,2p2a,6.12
pdbbind,2wvt,6.12
pdbbind,3qfy,6.12
pdbbind,4ayp,6.12
pdbbind,4hp0,6.12
pdbbind,4k4j,6.12
pdbbind,6fmj,6.12
pdbbind,6ugn,6.12
pdbbind,6j72,6.13
pdbbind,2c97,6.14
pdbbind,2fqt,6.14
pdbbind,2zym,6.14
pdbbind,4zx1,6.14
pdbbind,5nk9,6.14
pdbbind,5u49,6.14
pdbbind,1u0g,6.15
pdbbind,1zs0,6.15
pdbbind,2r75,6.15
pdbbind,3arw,6.15
pdbbind,4f6u,6.15
pdbbind,5dit,6.15
pdbbind,5ftg,6.15
pdbbind,5wxh,6.15
pdbbind,6eq3,6.15
pdbbind,6g98,6.15
pdbbind,6guk,6.15
pdbbind,6mu3,6.15
pdbbind,1ppc,6.16
pdbbind,2i4j,6.16
pdbbind,4o04,6.16
pdbbind,5nwi,6.16
pdbbind,6ugp,6.16
pdbbind,1a9q,6.17
pdbbind,1d6v,6.17
pdbbind,1k1o,6.17
pdbbind,1ndy,6.17
pdbbind,1yc1,6.17
pdbbind,3bkl,6.17
pdbbind,3hk1,6.17
pdbbind,4aq4,6.17
pdbbind,4b9k,6.17
pdbbind,4fht,6.17
pdbbind,4pfu,6.17
pdbbind,5fnt,6.17
pdbbind,6r8l,6.17
pdbbind,1xhy,6.18
pdbbind,3c8a,6.18
pdbbind,3w9r,6.18
pdbbind,4q6e,6.18
pdbbind,1iy7,6.19
pdbbind,1tq4,6.19
pdbbind,1v2k,6.19
pdbbind,2bt9,6.19
pdbbind,2qbu,6.19
pdbbind,3u5l,6.19
pdbbind,4wrb,6.19
pdbbind,5u0z,6.19
pdbbind,1owe,6.20
pdbbind,1sqt,6.20
pdbbind,2aj8,6.20
pdbbind,4ad2,6.20
pdbbind,4k6i,6.20
pdbbind,4ufi,6.20
pdbbind,1b3h,6.21
pdbbind,3s8n,6.21
pdbbind,3sug,6.21
pdbbind,4cg9,6.21
pdbbind,4mul,6.21
pdbbind,4ymb,6.21
pdbbind,5en3,6.21
pdbbind,5vyy,6.21
pdbbind,1l8g,6.22
pdbbind,2xda,6.22
pdbbind,3acl,6.22
pdbbind,3ip5,6.22
pdbbind,3lpp,6.22
pdbbind,3p2e,6.22
pdbbind,3pd9,6.22
pdbbind,4bqg,6.22
pdbbind,4m0e,6.22
pdbbind,4mdn,6.22
pdbbind,4nja,6.22
pdbbind,6eiz,6.22
pdbbind,6gjn,6.22
pdbbind,6hgi,6.22
pdbbind,1m7d,6.23
pdbbind,4w9j,6.23
pdbbind,5wa8,6.23
pdbbind,5y12,6.23
pdbbind,6qr4,6.23
pdbbind,3vh9,6.24
pdbbind,5lwd,6.24
pdbbind,6eir,6.24
pdbbind,6hh3,6.24
pdbbind,6i61,6.24
pdbbind,1gnm,6.25
pdbbind,2o4z,6.25
pdbbind,2zdn,6.25
pdbbind,3rf4,6.25
pdbbind,4bcp,6.25
pdbbind,1wcq,6.26
pdbbind,3bgz,6.26
pdbbind,3su4,6.26
pdbbind,4r4t,6.26
pdbbind,4ua8,6.26
pdbbind,4wiv,6.26
pdbbind,5oku,6.26
pdbbind,6f1n,6.26
pdbbind,1pbq,6.27
pdbbind,2j94,6.27
pdbbind,3bfu,6.27
pdbbind,4f0c,6.27
pdbbind,4r4i,6.27
pdbbind,6ugr,6.27
pdbbind,1afl,6.28
pdbbind,1atl,6.28
pdbbind,1w3l,6.28
pdbbind,2aog,6.28
pdbbind,4djw,6.28
pdbbind,4q99,6.28
pdbbind,4rd6,6.28
pdbbind,4zb6,6.28
pdbbind,5ia1,6.28
pdbbind,5ix0,6.28
pdbbind,5lz7,6.28
pdbbind,5nz4,6.28
pdbbind,2xyt,6.29
pdbbind,3f48,6.29
pdbbind,3h8b,6.29
pdbbind,3v2q,6.29
pdbbind,4d8z,6.29
pdbbind,4lj5,6.29
pdbbind,4n7u,6.29
pdbbind,4r06,6.29
pdbbind,5za8,6.29
pdbbind,6elo,6.29
pdbbind,6o5a,6.29
pdbbind,1d4p,6.30
pdbbind,1lag,6.30
pdbbind,1wdn,6.30
pdbbind,1wm1,6.30
pdbbind,2oi2,6.30
pdbbind,2q89,6.30
pdbbind,2vrj,6.30
pdbbind,3ebl,6.30
pdbbind,3k5v,6.30
pdbbind,3t70,6.30
pdbbind,4e1k,6.30
pdbbind,4eor,6.30
pdbbind,4etz,6.30
pdbbind,4oag,6.30
pdbbind,4pow,6.30
pdbbind,4q08,6.30
pdbbind,5d25,6.30
pdbbind,5dhu,6.30
pdbbind,5htl,6.30
pdbbind,6qgg,6.30
pdbbind,1nja,6.31
pdbbind,2bal,6.31
pdbbind,2pvu,6.31
pdbbind,3q44,6.31
pdbbind,3u93,6.31
pdbbind,3uew,6.31
pdbbind,4cpy,6.31
pdbbind,4d1j,6.31
pdbbind,4der,6.31
pdbbind,5gmh,6.31
pdbbind,5wij,6.31
pdbbind,1w3j,6.32
pdbbind,2wnc,6.32
pdbbind,2zb1,6.32
pdbbind,3ebh,6.32
pdbbind,3w9k,6.32
pdbbind,5ekm,6.32
pdbbind,5meh,6.32
pdbbind,6pvw,6.32
pdbbind,6rot,6.32
pdbbind,6upj,6.32
pdbbind,1ex8,6.33
pdbbind,2qbr,6.33
pdbbind,4nbl,6.33
pdbbind,4zvi,6.33
pdbbind,5mrb,6.33
pdbbind,5nk7,6.33
pdbbind,5u4d,6.33
pdbbind,1bdq,6.34
pdbbind,1w9v,6.34
pdbbind,1xq0,6.34
pdbbind,3cj5,6.34
pdbbind,3zk6,6.34
pdbbind,4muf,6.34
pdbbind,4z0k,6.34
pdbbind,5kbe,6.34
pdbbind,5m04,6.34
pdbbind,6d5j,6.34
pdbbind,1cbx,6.35
pdbbind,1gjc,6.35
pdbbind,2j7f,6.35
pdbbind,2p09,6.35
pdbbind,3ckp,6.35
pdbbind,3ctt,6.35
pdbbind,3ed0,6.35
pdbbind,3fvh,6.35
pdbbind,3rt8,6.35
pdbbind,5ivv,6.35
pdbbind,5lz5,6.35
pdbbind,5vcz,6.35
pdbbind,6cvf,6.35
pdbbind,1c5q,6.36
pdbbind,1ela,6.36
pdbbind,1o2o,6.36
pdbbind,3oku,6.36
pdbbind,3t6b,6.36
pdbbind,3v2p,6.36
pdbbind,5ant,6.36
pdbbind,5d3x,6.36
pdbbind,5ucj,6.36
pdbbind,5xo7,6.36
pdbbind,1gx8,6.37
pdbbind,1hbv,6.37
pdbbind,1hms,6.37
pdbbind,2qpq,6.37
pdbbind,2w9h,6.37
pdbbind,2zdk,6.37
pdbbind,3qlm,6.37
pdbbind,5d0r,6.37
pdbbind,5vb6,6.37
pdbbind,6u8b,6.37
pdbbind,2hkf,6.38
pdbbind,4yyt,6.38
pdbbind,5nya,6.38
pdbbind,5v7a,6.38
pdbbind,6equ,6.38
pdbbind,4q4p,6.39
pdbbind,5nze,6.39
pdbbind,6csq,6.39
pdbbind,6gf9,6.39
pdbbind,6hoq,6.39
pdbbind,10gs,6.40
pdbbind,1g7v,6.40
pdbbind,1i7z,6.40
pdbbind,1igb,6.40
pdbbind,1usk,6.40
pdbbind,1yvm,6.40
pdbbind,2y8c,6.40
pdbbind,2zdl,6.40
pdbbind,3arq,6.40
pdbbind,3k1j,6.40
pdbbind,3kmc,6.40
pdbbind,3s72,6.40
pdbbind,3tf6,6.40
pdbbind,3zll,6.40
pdbbind,4cga,6.40
pdbbind,4eu0,6.40
pdbbind,4je7,6.40
pdbbind,4mss,6.40
pdbbind,4xy8,6.40
pdbbind,5g61,6.40
pdbbind,5hz8,6.40
pdbbind,5l8y,6.40
pdbbind,5uk8,6.40
pdbbind,6f92,6.40
pdbbind,6g5u,6.40
pdbbind,6gvz,6.40
pdbbind,6idb,6.40
pdbbind,1syh,6.41
pdbbind,2cgf,6.41
pdbbind,2qnp,6.41
pdbbind,2xxx,6.41
pdbbind,2zdm,6.41
pdbbind,3k5x,6.41
pdbbind,3r17,6.41
pdbbind,5ihh,6.41
pdbbind,5jxn,6.41
pdbbind,5v79,6.41
pdbbind,6i65,6.41
pdbbind,6py0,6.41
pdbbind,1o5a,6.42
pdbbind,2j78,6.42
pdbbind,3d2e,6.42
pdbbind,4ufh,6.42
pdbbind,5x62,6.42
pdbbind,6eiq,6.42
pdbbind,6j1l,6.42
pdbbind,1fh9,6.43
pdbbind,2b07,6.43
pdbbind,2fqo,6.43
pdbbind,4d3h,6.43
pdbbind,4ge1,6.43
pdbbind,4q4r,6.43
pdbbind,6eeo,6.43
pdbbind,6g9u,6.43
pdbbind,6m8q,6.43
pdbbind,6rtw,6.43
pdbbind,2jh5,6.44
pdbbind,2pvm,6.44
pdbbind,3pfp,6.44
pdbbind,4da5,6.44
pdbbind,4ea2,6.44
pdbbind,4jfk,6.44
pdbbind,4q3u,6.44
pdbbind,5ivy,6.44
pdbbind,5ny1,6.44
pdbbind,5w44,6.44
pdbbind,6hqy,6.44
pdbbind,6qr3,6.44
pdbbind,3qw5,6.45
pdbbind,4kwo,6.45
pdbbind,5fut,6.45
pdbbind,5jss,6.45
pdbbind,1m2r,6.46
pdbbind,1r5y,6.46
pdbbind,1ro6,6.46
pdbbind,2xd9,6.46
pdbbind,2xdx,6.46
pdbbind,3o8p,6.46
pdbbind,3pd8,6.46
pdbbind,4m0y,6.46
pdbbind,4n07,6.46
pdbbind,4ymh,6.46
pdbbind,5dbm,6.46
pdbbind,5efj,6.46
pdbbind,5iwg,6.46
pdbbind,5uc4,6.46
pdbbind,5vb5,6.46
pdbbind,6epy,6.46
pdbbind,6qi7,6.46
pdbbind,1j01,6.47
pdbbind,3cm2,6.47
pdbbind,3s78,6.47
pdbbind,3tfp,6.47
pdbbind,4mhy,6.47
pdbbind,4mq6,6.47
pdbbind,4rd3,6.47
pdbbind,4zji,6.47
pdbbind,5j8u,6.47
pdbbind,5mes,6.47
pdbbind,6b4l,6.47
pdbbind,6np3,6.47
pdbbind,1f4g,6.48
pdbbind,1gpn,6.48
pdbbind,1rpj,6.48
pdbbind,2wnj,6.48
pdbbind,3g3r,6.48
pdbbind,3gsm,6.48
pdbbind,4e67,6.48
pdbbind,4q3t,6.48
pdbbind,5yyf,6.48
pdbbind,6fe0,6.48
pdbbind,6ql1,6.48
pdbbind,1dl7,6.49
pdbbind,3bft,6.49
pdbbind,3mho,6.49
pdbbind,3nw3,6.49
pdbbind,3s0b,6.49
pdbbind,4hw3,6.49
pdbbind,5cu4,6.49
pdbbind,5i2f,6.49
pdbbind,5nw2,6.49
pdbbind,5tuo,6.49
pdbbind,5vd0,6.49
pdbbind,6ftw,6.49
pdbbind,6q54,6.49
pdbbind,2weg,6.50
pdbbind,3bwj,6.50
pdbbind,4kzu,6.50
pdbbind,4mme,6.50
pdbbind,4oc0,6.50
pdbbind,4yxi,6.50
pdbbind,6o5t,6.50
pdbbind,6rfw,6.50
pdbbind,2usn,6.51
pdbbind,2xjj,6.51
pdbbind,3cj4,6.51
pdbbind,3hf8,6.51
pdbbind,3wmc,6.51
pdbbind,4zbi,6.51
pdbbind,5jvi,6.51
pdbbind,5t8o,6.51
pdbbind,6faf,6.51
pdbbind,6if0,6.51
pdbbind,6nyv,6.51
pdbbind,1alw,6.52
pdbbind,1g74,6.52
pdbbind,1k9s,6.52
pdbbind,1qy1,6.52
pdbbind,1zhy,6.52
pdbbind,2h4g,6.52
pdbbind,2nn7,6.52
pdbbind,2nt7,6.52
pdbbind,2oxy,6.52
pdbbind,2zft,6.52
pdbbind,3bva,6.52
pdbbind,3dx3,6.52
pdbbind,3hzv,6.52
pdbbind,3o9p,6.52
pdbbind,3uo4,6.52
pdbbind,4dko,6.52
pdbbind,4dkr,6.52
pdbbind,4uj1,6.52
pdbbind,4zeb,6.52
pdbbind,5g60,6.52
pdbbind,5nw0,6.52
pdbbind,6iez,6.52
pdbbind,2p7g,6.53
pdbbind,3wtj,6.53
pdbbind,1drv,6.54
pdbbind,1o3l,6.54
pdbbind,2h21,6.54
pdbbind,2zfs,6.54
pdbbind,3d0b,6.54
pdbbind,3fuz,6.54
pdbbind,3jvs,6.54
pdbbind,3sr4,6.54
pdbbind,4a4v,6.54
pdbbind,4aqh,6.54
pdbbind,4ht2,6.54
pdbbind,4leq,6.54
pdbbind,4pv5,6.54
pdbbind,4rfr,6.54
pdbbind,4uac,6.54
pdbbind,4w9k,6.54
pdbbind,5cqu,6.54
pdbbind,6gfs,6.54
pdbbind,6u8o,6.54
pdbbind,1dhj,6.55
pdbbind,1hmr,6.55
pdbbind,1hp5,6.55
pdbbind,1n4h,6.55
pdbbind,1yc4,6.55
pdbbind,1yda,6.55
pdbbind,2bok,6.55
pdbbind,2xxr,6.55
pdbbind,3s0e,6.55
pdbbind,4iue,6.55
pdbbind,4og3,6.55
pdbbind,5sym,6.55
pdbbind,5tpx,6.55
pdbbind,6e5t,6.55
pdbbind,2zq2,6.56
pdbbind,4db7,6.56
pdbbind,4lbu,6.56
pdbbind,5oaj,6.56
pdbbind,6f3b,6.56
pdbbind,1sld,6.57
pdbbind,2fqy,6.57
pdbbind,2hzl,6.57
pdbbind,2pwc,6.57
pdbbind,3ove,6.57
pdbbind,3qox,6.57
pdbbind,3tfn,6.57
pdbbind,4fs4,6.57
pdbbind,5er2,6.57
pdbbind,5evz,6.57
pdbbind,5g1a,6.57
pdbbind,5vcy,6.57
pdbbind,6ecz,6.57
pdbbind,1k1i,6.58
pdbbind,2p7z,6.58
pdbbind,3pb9,6.58
pdbbind,4cd4,6.58
pdbbind,1b58,6.59
pdbbind,1fiv,6.59
pdbbind,1izi,6.59
pdbbind,2e91,6.59
pdbbind,2pvh,6.59
pdbbind,2pwr,6.59
pdbbind,3gs6,6.59
pdbbind,3t8v,6.59
pdbbind,4qnb,6.59
pdbbind,4xas,6.59
pdbbind,5ew0,6.59
pdbbind,5l4i,6.59
pdbbind,5vja,6.59
pdbbind,6fag,6.59
pdbbind,1b38,6.60
pdbbind,1g7g,6.60
pdbbind,1jzs,6.60
pdbbind,2euk,6.60
pdbbind,2f7p,6.60
pdbbind,2j4g,6.60
pdbbind,2jdp,6.60
pdbbind,2wly,6.60
pdbbind,3dln,6.60
pdbbind,3ip6,6.60
pdbbind,3lxe,6.60
pdbbind,3v3q,6.60
pdbbind,4dkq,6.60
pdbbind,4h75,6.60
pdbbind,4mr6,6.60
pdbbind,4oc1,6.60
pdbbind,4x8o,6.60
pdbbind,4zzd,6.60
pdbbind,5i88,6.60
pdbbind,5l7e,6.60
pdbbind,5nw1,6.60
pdbbind,5z7j,6.60
pdbbind,6d5g,6.60
pdbbind,6eis,6.60
pdbbind,6i17,6.60
pdbbind,5o87,6.61
pdbbind,6d19,6.61
pdbbind,6fsy,6.61
pdbbind,1afk,6.62
pdbbind,1ii5,6.62
pdbbind,2ews,6.62
pdbbind,2j7b,6.62
pdbbind,2jgs,6.62
pdbbind,2vwc,6.62
pdbbind,3ljo,6.62
pdbbind,3ozp,6.62
pdbbind,4btk,6.62
pdbbind,4er1,6.62
pdbbind,4gfo,6.62
pdbbind,4mpn,6.62
pdbbind,4rd0,6.62
pdbbind,6eqv,6.62
pdbbind,6g38,6.62
pdbbind,2x7t,6.63
pdbbind,2yfe,6.63
pdbbind,3f8f,6.63
pdbbind,4k77,6.63
pdbbind,4lyw,6.63
pdbbind,4xip,6.63
pdbbind,5jt9,6.63
pdbbind,6b97,6.63
pdbbind,6elp,6.63
pdbbind,1lcp,6.64
pdbbind,1sln,6.64
pdbbind,2b1g,6.64
pdbbind,2d3z,6.64
pdbbind,2za0,6.64
pdbbind,3b26,6.64
pdbbind,3fee,6.64
pdbbind,5i2e,6.64
pdbbind,5ko1,6.64
pdbbind,5nk8,6.64
pdbbind,2j75,6.65
pdbbind,3mzc,6.65
pdbbind,4yha,6.65
pdbbind,6cwn,6.65
pdbbind,1a4r,6.66
pdbbind,1cps,6.66
pdbbind,1elc,6.66
pdbbind,1pxp,6.66
pdbbind,1wur,6.66
pdbbind,2xj7,6.66
pdbbind,2yz3,6.66
pdbbind,3pwd,6.66
pdbbind,3zj6,6.66
pdbbind,4v27,6.66
pdbbind,5cy9,6.66
pdbbind,5nxi,6.66
pdbbind,5wyx,6.66
pdbbind,6dar,6.66
pdbbind,6idg,6.66
pdbbind,3g19,6.67
pdbbind,5fho,6.67
pdbbind,5op5,6.67
pdbbind,6b1k,6.67
pdbbind,6bbx,6.67
pdbbind,6plf,6.67
pdbbind,1c5x,6.68
pdbbind,1mai,6.68
pdbbind,2fqw,6.68
pdbbind,2iwx,6.68
pdbbind,2qbs,6.68
pdbbind,3o75,6.68
pdbbind,3su1,6.68
pdbbind,3zhx,6.68
pdbbind,4ca8,6.68
pdbbind,4ew2,6.68
pdbbind,5o4f,6.68
pdbbind,6ayi,6.68
pdbbind,2jew,6.69
pdbbind,2xn5,6.69
pdbbind,5a6x,6.69
pdbbind,5fs5,6.69
pdbbind,5yhe,6.69
pdbbind,5z66,6.69
pdbbind,1b0h,6.70
pdbbind,1b3g,6.70
pdbbind,1eld,6.70
pdbbind,1f3e,6.70
pdbbind,1koj,6.70
pdbbind,1nki,6.70
pdbbind,2a5s,6.70
pdbbind,2evl,6.70
pdbbind,2oxx,6.70
pdbbind,2py4,6.70
pdbbind,3eko,6.70
pdbbind,3hzk,6.70
pdbbind,3mhi,6.70
pdbbind,3pck,6.70
pdbbind,3pgu,6.70
pdbbind,3t60,6.70
pdbbind,3t64,6.70
pdbbind,4ewn,6.70
pdbbind,4f09,6.70
pdbbind,4io2,6.70
pdbbind,4jyc,6.70
pdbbind,4jz1,6.70
pdbbind,4m13,6.70
pdbbind,4m14,6.70
pdbbind,4o2p,6.70
pdbbind,5g17,6.70
pdbbind,5g5v,6.70
pdbbind,5nvv,6.70
pdbbind,6ebe,6.70
pdbbind,6i67,6.70
pdbbind,6n9l,6.70
pdbbind,6rfn,6.70
pdbbind,2f94,6.71
pdbbind,4cd5,6.71
pdbbind,4pvy,6.71
pdbbind,5odx,6.71
pdbbind,5op4,6.71
pdbbind,5tt3,6.71
pdbbind,6ghh,6.71
pdbbind,1rbp,6.72
pdbbind,2jdu,6.72
pdbbind,2vpn,6.72
pdbbind,2xc0,6.72
pdbbind,3aqt,6.72
pdbbind,3gst,6.72
pdbbind,3l4v,6.72
pdbbind,3l4z,6.72
pdbbind,4djv,6.72
pdbbind,4flp,6.72
pdbbind,4i74,6.72
pdbbind,4o0a,6.72
pdbbind,5o58,6.72
pdbbind,5vb7,6.72
pdbbind,5wa5,6.72
pdbbind,5ya5,6.72
pdbbind,5zhl,6.72
pdbbind,6fo5,6.72
pdbbind,6qr9,6.72
pdbbind,1wvj,6.73
pdbbind,4pum,6.73
pdbbind,4r5b,6.73
pdbbind,4w9h,6.73
pdbbind,5am6,6.73
pdbbind,5ia0,6.73
pdbbind,5js3,6.73
pdbbind,1add,6.74
pdbbind,1usi,6.74
pdbbind,2x91,6.74
pdbbind,2zc9,6.74
pdbbind,2zgx,6.74
pdbbind,3dgo,6.74
pdbbind,3fzy,6.74
pdbbind,3m67,6.74
pdbbind,3oim,6.74
pdbbind,4ca6,6.74
pdbbind,4ew3,6.74
pdbbind,4f9y,6.74
pdbbind,4lxz,6.74
pdbbind,5j27,6.74
pdbbind,5nk2,6.74
pdbbind,5za9,6.74
pdbbind,6i66,6.74
pdbbind,6i8y,6.74
pdbbind,6qqz,6.74
pdbbind,3ikd,6.75
pdbbind,4cwt,6.75
pdbbind,6faa,6.75
pdbbind,2on6,6.76
pdbbind,4pvx,6.76
pdbbind,5wa9,6.76
pdbbind,6f9v,6.76
pdbbind,1o30,6.77
pdbbind,1o3j,6.77
pdbbind,1om1,6.77
pdbbind,1ony,6.77
pdbbind,1qb1,6.77
pdbbind,3fas,6.77
pdbbind,3fvn,6.77
pdbbind,3m40,6.77
pdbbind,4cwp,6.77
pdbbind,4loi,6.77
pdbbind,4x48,6.77
pdbbind,5ayt,6.77
pdbbind,5fh8,6.77
pdbbind,5nvw,6.77
pdbbind,6g2o,6.77
pdbbind,3gcu,6.78
pdbbind,5yh8,6.78
pdbbind,5zaf,6.78
pdbbind,6g7a,6.78
pdbbind,6sbt,6.78
pdbbind,2rcb,6.79
pdbbind,3su0,6.79
pdbbind,4ogj,6.79
pdbbind,5y94,6.79
pdbbind,6s4n,6.79
pdbbind,1fl3,6.80
pdbbind,1nq7,6.80
pdbbind,1p1n,6.80
pdbbind,2xhm,6.80
pdbbind,3c88,6.80
pdbbind,3fx6,6.80
pdbbind,3s2v,6.80
pdbbind,5j8m,6.80
pdbbind,5nk6,6.80
pdbbind,6i62,6.80
pdbbind,6np2,6.80
pdbbind,2uwp,6.81
pdbbind,5zae,6.81
pdbbind,1drk,6.82
pdbbind,1fhd,6.82
pdbbind,1jeu,6.82
pdbbind,1k1n,6.82
pdbbind,1lrh,6.82
pdbbind,1o38,6.82
pdbbind,1uwf,6.82
pdbbind,2b1i,6.82
pdbbind,2c94,6.82
pdbbind,2oxd,6.82
pdbbind,2pym,6.82
pdbbind,2rfh,6.82
pdbbind,2v8w,6.82
pdbbind,2xyd,6.82
pdbbind,2zq0,6.82
pdbbind,3dx2,6.82
pdbbind,3m3x,6.82
pdbbind,3s75,6.82
pdbbind,4nue,6.82
pdbbind,4qy3,6.82
pdbbind,5exw,6.82
pdbbind,5vcv,6.82
pdbbind,2xnb,6.83
pdbbind,6e7r,6.83
pdbbind,1bhx,6.84
pdbbind,2y5g,6.84
pdbbind,3ewj,6.84
pdbbind,4kn1,6.84
pdbbind,5cep,6.84
pdbbind,6csr,6.84
pdbbind,1ele,6.85
pdbbind,1g30,6.85
pdbbind,1lkk,6.85
pdbbind,1os5,6.85
pdbbind,1q72,6.85
pdbbind,1qyg,6.85
pdbbind,1xk9,6.85
pdbbind,1xt8,6.85
pdbbind,3n76,6.85
pdbbind,3pn4,6.85
pdbbind,3s8o,6.85
pdbbind,4k3h,6.85
pdbbind,5f1v,6.85
pdbbind,5ie1,6.85
pdbbind,5j64,6.85
pdbbind,6d5e,6.85
pdbbind,6fnj,6.85
pdbbind,3aid,6.86
pdbbind,3pyy,6.86
pdbbind,5dx4,6.86
pdbbind,5fh7,6.86
pdbbind,1cgl,6.87
pdbbind,2zcr,6.87
pdbbind,3tmk,6.87
pdbbind,4mhz,6.87
pdbbind,4re4,6.87
pdbbind,4rvr,6.87
pdbbind,5j0d,6.87
pdbbind,5nih,6.87
pdbbind,5vr8,6.87
pdbbind,6gl9,6.87
pdbbind,1xka,6.88
pdbbind,3oe5,6.88
pdbbind,4bco,6.88
pdbbind,5z99,6.88
pdbbind,6el5,6.88
pdbbind,1b3f,6.89
pdbbind,1fh8,6.89
pdbbind,1jev,6.89
pdbbind,1sb1,6.89
pdbbind,1uz1,6.89
pdbbind,2bfq,6.89
pdbbind,2dri,6.89
pdbbind,2e92,6.89
pdbbind,2f34,6.89
pdbbind,2r3w,6.89
pdbbind,2vk2,6.89
pdbbind,3hu3,6.89
pdbbind,3jya,6.89
pdbbind,3l4x,6.89
pdbbind,3r4n,6.89
pdbbind,4g4p,6.89
pdbbind,4x8v,6.89
pdbbind,6e7t,6.89
pdbbind,6glb,6.89
pdbbind,1k1l,6.90
pdbbind,3cow,6.90
pdbbind,3gbb,6.90
pdbbind,3uyr,6.90
pdbbind,4zzx,6.90
pdbbind,3evd,6.91
pdbbind,4bcm,6.91
pdbbind,5cqt,6.91
pdbbind,1a9m,6.92
pdbbind,1k6v,6.92
pdbbind,1o2j,6.92
pdbbind,1pkx,6.92
pdbbind,1swr,6.92
pdbbind,2d3u,6.92
pdbbind,2uy0,6.92
pdbbind,3bl0,6.92
pdbbind,3lir,6.92
pdbbind,3r1v,6.92
pdbbind,3uex,6.92
pdbbind,3wto,6.92
pdbbind,4qtl,6.92
pdbbind,5d45,6.92
pdbbind,5ymx,6.92
pdbbind,6c9v,6.92
pdbbind,6d5h,6.92
pdbbind,6e7u,6.92
pdbbind,6qr0,6.92
pdbbind,2weo,6.93
pdbbind,4f9w,6.94
pdbbind,4rn4,6.94
pdbbind,4xir,6.94
pdbbind,1tcx,6.95
pdbbind,4k9y,6.95
pdbbind,4q4s,6.95
pdbbind,1atr,6.96
pdbbind,1c5c,6.96
pdbbind,1gvw,6.96
pdbbind,1oyq,6.96
pdbbind,1x8j,6.96
pdbbind,3exe,6.96
pdbbind,3pn1,6.96
pdbbind,4cg8,6.96
pdbbind,4i54,6.96
pdbbind,4jyb,6.96
pdbbind,4loh,6.96
pdbbind,4rpn,6.96
pdbbind,5cst,6.96
pdbbind,5yqx,6.96
pdbbind,6pi5,6.96
pdbbind,3t84,6.97
pdbbind,4nj9,6.97
pdbbind,4xar,6.97
pdbbind,5umy,6.97
pdbbind,5zag,6.97
pdbbind,1my4,6.98
pdbbind,3hv8,6.98
pdbbind,3t83,6.98
pdbbind,4att,6.98
pdbbind,6eif,6.98
pdbbind,6j3p,6.98
pdbbind,3slz,6.99
pdbbind,4bcs,6.99
pdbbind,4fai,6.99
pdbbind,1fki,7.00
pdbbind,1fpc,7.00
pdbbind,1gj6,7.00
pdbbind,1zoh,7.00
pdbbind,2gyi,7.00
pdbbind,2j7g,7.00
pdbbind,2wzf,7.00
pdbbind,3bbb,7.00
pdbbind,3drf,7.00
pdbbind,3drg,7.00
pdbbind,3kdm,7.00
pdbbind,3l4y,7.00
pdbbind,3mhm,7.00
pdbbind,3t82,7.00
pdbbind,3wtm,7.00
pdbbind,3wzn,7.00
pdbbind,3zyu,7.00
pdbbind,4b6o,7.00
pdbbind,4dew,7.00
pdbbind,4fcq,7.00
pdbbind,4riv,7.00
pdbbind,5boj,7.00
pdbbind,5d47,7.00
pdbbind,5edb,7.00
pdbbind,5fl4,7.00
pdbbind,5g2b,7.00
pdbbind,5l8c,7.00
pdbbind,5l9i,7.00
pdbbind,5mwy,7.00
pdbbind,5sz6,7.00
pdbbind,6eq7,7.00
pdbbind,6haz,7.00
pdbbind,6hr2,7.00
pdbbind,6msy,7.00
pdbbind,6mub,7.00
pdbbind,3nht,7.01
pdbbind,6fs1,7.01
pdbbind,6hay,7.01
pdbbind,6hhr,7.01
pdbbind,6i63,7.01
pdbbind,1ypj,7.02
pdbbind,2vwl,7.02
pdbbind,3cdb,7.02
pdbbind,3igp,7.02
pdbbind,3n4b,7.02
pdbbind,3pbb,7.02
pdbbind,6p3v,7.02
pdbbind,1b1h,7.03
pdbbind,2vwm,7.03
pdbbind,4av4,7.03
pdbbind,4ql1,7.03
pdbbind,5epl,7.03
pdbbind,5hz9,7.03
pdbbind,5vsf,7.03
pdbbind,5win,7.03
pdbbind,3wtl,7.04
pdbbind,3wtn,7.04
pdbbind,4p6x,7.04
pdbbind,6qpl,7.04
pdbbind,1b5i,7.05
pdbbind,1xug,7.05
pdbbind,2bq7,7.05
pdbbind,2jxr,7.05
pdbbind,2wer,7.05
pdbbind,3ahn,7.05
pdbbind,3aho,7.05
pdbbind,3i4y,7.05
pdbbind,3s0d,7.05
pdbbind,4h3j,7.05
pdbbind,5lli,7.05
pdbbind,5nvx,7.05
pdbbind,6as8,7.05
pdbbind,6c0s,7.05
pdbbind,1ui0,7.06
pdbbind,3po6,7.06
pdbbind,4cwq,7.06
pdbbind,4zzz,7.06
pdbbind,5e2r,7.06
pdbbind,5uxf,7.06
pdbbind,5zc5,7.06
pdbbind,5zyl,7.06
pdbbind,1ydd,7.07
pdbbind,2f9k,7.07
pdbbind,3cl0,7.07
pdbbind,3ryv,7.07
pdbbind,4oc5,7.07
pdbbind,4qew,7.07
pdbbind,4xiq,7.07
pdbbind,5f5z,7.07
pdbbind,5hva,7.07
pdbbind,5hz5,7.07
pdbbind,5mpn,7.07
pdbbind,1xpz,7.08
pdbbind,2hnx,7.08
pdbbind,3rlp,7.08
pdbbind,4emf,7.08
pdbbind,5l2s,7.08
pdbbind,1lpg,7.09
pdbbind,1yq7,7.09
pdbbind,2bz6,7.09
pdbbind,3f7h,7.09
pdbbind,4c1u,7.09
pdbbind,4ghi,7.09
pdbbind,5gsa,7.09
pdbbind,5k0h,7.09
pdbbind,5y8y,7.09
pdbbind,5zg0,7.09
pdbbind,6hrq,7.09
pdbbind,1b32,7.10
pdbbind,2f7i,7.10
pdbbind,2v57,7.10
pdbbind,2wjg,7.10
pdbbind,3ebi,7.10
pdbbind,3hky,7.10
pdbbind,3udd,7.10
pdbbind,3zdg,7.10
pdbbind,4azg,7.10
pdbbind,4bny,7.10
pdbbind,4uj2,7.10
pdbbind,4w97,7.10
pdbbind,4ymx,7.10
pdbbind,5l9l,7.10
pdbbind,5vd2,7.10
pdbbind,6gxq,7.10
pdbbind,6p83,7.10
pdbbind,4zx4,7.11
pdbbind,5ula,7.11
pdbbind,5vc3,7.11
pdbbind,6dpt,7.11
pdbbind,6ht1,7.11
pdbbind,1b05,7.12
pdbbind,1b52,7.12
pdbbind,1nz7,7.12
pdbbind,1xd0,7.12
pdbbind,1z95,7.12
pdbbind,2pov,7.12
pdbbind,2x2r,7.12
pdbbind,3dx4,7.12
pdbbind,3hww,7.12
pdbbind,4daf,7.12
pdbbind,4e0x,7.12
pdbbind,5upj,7.12
pdbbind,6o48,7.12
pdbbind,1o3d,7.13
pdbbind,2j7d,7.13
pdbbind,3zc5,7.13
pdbbind,4arw,7.13
pdbbind,4b6p,7.13
pdbbind,4kx8,7.13
pdbbind,4zbf,7.13
pdbbind,5lom,7.13
pdbbind,5obg,7.13
pdbbind,2pv1,7.14
pdbbind,2vot,7.14
pdbbind,3ffp,7.14
pdbbind,3n7o,7.14
pdbbind,4ks4,7.14
pdbbind,4wov,7.14
pdbbind,4xaq,7.14
pdbbind,5ehr,7.14
pdbbind,5my8,7.14
pdbbind,6epz,7.14
pdbbind,6fng,7.14
pdbbind,1elb,7.15
pdbbind,1fch,7.15
pdbbind,1pxn,7.15
pdbbind,1xr9,7.15
pdbbind,1zog,7.15
pdbbind,2fqx,7.15
pdbbind,2qnn,7.15
pdbbind,3arp,7.15
pdbbind,3fql,7.15
pdbbind,3n9r,7.15
pdbbind,4c1t,7.15
pdbbind,4ko8,7.15
pdbbind,4xt2,7.15
pdbbind,5hvs,7.15
pdbbind,6fcj,7.15
pdbbind,6mku,7.15
pdbbind,6nfh,7.15
pdbbind,6qr7,7.15
pdbbind,1f0u,7.16
pdbbind,3f3d,7.16
pdbbind,4iva,7.16
pdbbind,4o9w,7.16
pdbbind,6u5y,7.16
pdbbind,1g36,7.17
pdbbind,1o2h,7.17
pdbbind,2doo,7.17
pdbbind,2i6b,7.17
pdbbind,3el4,7.17
pdbbind,3tsk,7.17
pdbbind,4i9h,7.17
pdbbind,4o0x,7.17
pdbbind,5bv3,7.17
pdbbind,5u28,7.17
pdbbind,5v0n,7.17
pdbbind,6g2l,7.17
pdbbind,6hlx,7.17
pdbbind,6htg,7.17
pdbbind,6p9e,7.17
pdbbind,2q63,7.18
pdbbind,2xj2,7.18
pdbbind,5wex,7.18
pdbbind,6e5l,7.18
pdbbind,1fcx,7.19
pdbbind,1gi4,7.19
pdbbind,1hsl,7.19
pdbbind,1q7a,7.19
pdbbind,1z9y,7.19
pdbbind,2j7h,7.19
pdbbind,3f19,7.19
pdbbind,3gdt,7.19
pdbbind,3nsn,7.19
pdbbind,4app,7.19
pdbbind,4zx3,7.19
pdbbind,5am7,7.19
pdbbind,5ha1,7.19
pdbbind,5t9z,7.19
pdbbind,6c7x,7.19
pdbbind,6ndl,7.19
pdbbind,2pow,7.20
pdbbind,2pqb,7.20
pdbbind,2xii,7.20
pdbbind,3c79,7.20
pdbbind,3k2f,7.20
pdbbind,3mz6,7.20
pdbbind,4g8n,7.20
pdbbind,2yek,7.21
pdbbind,3f1a,7.21
pdbbind,3s77,7.21
pdbbind,4av5,7.21
pdbbind,4b73,7.21
pdbbind,5bwc,7.21
pdbbind,5i80,7.21
pdbbind,5kly,7.21
pdbbind,5zg3,7.21
pdbbind,1gvx,7.22
pdbbind,1lan,7.22
pdbbind,1sw2,7.22
pdbbind,2epn,7.22
pdbbind,2h6t,7.22
pdbbind,2hnc,7.22
pdbbind,3cyz,7.22
pdbbind,3dzt,7.22
pdbbind,3k99,7.22
pdbbind,3m35,7.22
pdbbind,3m96,7.22
pdbbind,3pcj,7.22
pdbbind,3uz5,7.22
pdbbind,4cra,7.22
pdbbind,4gfm,7.22
pdbbind,4o0y,7.22
pdbbind,5tfx,7.22
pdbbind,5we9,7.22
pdbbind,6k3l,7.22
pdbbind,3f8e,7.23
pdbbind,4avh,7.23
pdbbind,4djx,7.23
pdbbind,4lxd,7.23
pdbbind,1g2l,7.24
pdbbind,1oyt,7.24
pdbbind,2psv,7.24
pdbbind,3ikg,7.24
pdbbind,3n3g,7.24
pdbbind,3o84,7.24
pdbbind,3p3t,7.24
pdbbind,4azb,7.24
pdbbind,4fm7,7.24
pdbbind,4ha5,7.24
pdbbind,4r75,7.24
pdbbind,5ad1,7.24
pdbbind,5dh4,7.24
pdbbind,5nxw,7.24
pdbbind,5xmx,7.24
pdbbind,6g3q,7.24
pdbbind,6jb0,7.24
pdbbind,1jet,7.25
pdbbind,2ces,7.25
pdbbind,2ole,7.25
pdbbind,2qbw,7.25
pdbbind,3gcs,7.25
pdbbind,3mhl,7.25
pdbbind,3p3r,7.25
pdbbind,1dhi,7.26
pdbbind,1mrx,7.26
pdbbind,2qzr,7.26
pdbbind,2xib,7.26
pdbbind,3cz1,7.26
pdbbind,3gc5,7.26
pdbbind,3p5o,7.26
pdbbind,4ly1,7.26
pdbbind,4nnr,7.26
pdbbind,5hvt,7.26
pdbbind,6mlj,7.26
pdbbind,4itp,7.27
pdbbind,4xit,7.27
pdbbind,6q3y,7.27
pdbbind,1b40,7.28
pdbbind,1hii,7.28
pdbbind,1kel,7.28
pdbbind,2ceq,7.28
pdbbind,2cgr,7.28
pdbbind,2pql,7.28
pdbbind,2qhz,7.28
pdbbind,2yel,7.28
pdbbind,3a6t,7.28
pdbbind,3fl5,7.28
pdbbind,3o7u,7.28
pdbbind,4alx,7.28
pdbbind,4m2w,7.28
pdbbind,4qjx,7.28
pdbbind,5cap,7.28
pdbbind,5i7x,7.28
pdbbind,5i7y,7.28
pdbbind,5ia4,7.28
pdbbind,3ccz,7.29
pdbbind,4do4,7.29
pdbbind,4iwz,7.29
pdbbind,5xva,7.29
pdbbind,6fa4,7.29
pdbbind,6mji,7.29
pdbbind,1o3i,7.30
pdbbind,1tmn,7.30
pdbbind,1zge,7.30
pdbbind,2i3i,7.30
pdbbind,2qi1,7.30
pdbbind,2uxi,7.30
pdbbind,2vvn,7.30
pdbbind,3c52,7.30
pdbbind,3n0n,7.30
pdbbind,3r16,7.30
pdbbind,4b1j,7.30
pdbbind,4qyy,7.30
pdbbind,4riu,7.30
pdbbind,4sga,7.30
pdbbind,5l7h,7.30
pdbbind,6ckr,7.30
pdbbind,1o1s,7.31
pdbbind,3uod,7.31
pdbbind,4nyf,7.31
pdbbind,5tbm,7.31
pdbbind,6ex1,7.31
pdbbind,6i64,7.31
pdbbind,1qf1,7.32
pdbbind,1ydt,7.32
pdbbind,2j7e,7.32
pdbbind,3ipu,7.32
pdbbind,3kv2,7.32
pdbbind,3pww,7.32
pdbbind,4c9x,7.32
pdbbind,4qj0,7.32
pdbbind,6c9s,7.32
pdbbind,6p3t,7.32
pdbbind,6s5k,7.32
pdbbind,2j2u,7.33
pdbbind,2r2m,7.33
pdbbind,4ayq,7.33
pdbbind,5w2s,7.33
pdbbind,6h77,7.33
pdbbind,6hly,7.33
pdbbind,1uw6,7.34
pdbbind,2gv6,7.34
pdbbind,2vvs,7.34
pdbbind,2ydw,7.34
pdbbind,3f7i,7.34
pdbbind,4mnp,7.34
pdbbind,5dqc,7.34
pdbbind,5ia3,7.34
pdbbind,1qkb,7.35
pdbbind,1ttm,7.35
pdbbind,3rtf,7.35
pdbbind,3s6t,7.35
pdbbind,3su2,7.35
pdbbind,3zdh,7.35
pdbbind,4z93,7.35
pdbbind,6ma4,7.35
pdbbind,1k6p,7.36
pdbbind,1swg,7.36
pdbbind,4ca7,7.36
pdbbind,4gu6,7.36
pdbbind,4q6d,7.36
pdbbind,4xmb,7.36
pdbbind,5fl6,7.36
pdbbind,5vc4,7.36
pdbbind,6d55,7.36
pdbbind,6e4a,7.36
pdbbind,6q3z,7.36
pdbbind,6qmj,7.36
pdbbind,1b51,7.37
pdbbind,1cnx,7.37
pdbbind,1fao,7.37
pdbbind,3dp4,7.37
pdbbind,3f7g,7.37
pdbbind,3m5e,7.37
pdbbind,5f60,7.37
pdbbind,5ufp,7.37
pdbbind,6g37,7.37
pdbbind,6nwl,7.37
pdbbind,6pve,7.37
pdbbind,1bxq,7.38
pdbbind,1qf0,7.38
pdbbind,2qi0,7.38
pdbbind,4hfp,7.38
pdbbind,4o07,7.38
pdbbind,5ceq,7.38
pdbbind,5igm,7.38
pdbbind,5lny,7.38
pdbbind,5tcj,7.38
pdbbind,5zaj,7.38
pdbbind,6gwe,7.38
pdbbind,1d3p,7.39
pdbbind,2hzy,7.39
pdbbind,3mna,7.39
pdbbind,3p5l,7.39
pdbbind,4na9,7.39
pdbbind,1b55,7.40
pdbbind,1drj,7.40
pdbbind,1f8c,7.40
pdbbind,1k1m,7.40
pdbbind,1oar,7.40
pdbbind,1owh,7.40
pdbbind,1zoe,7.40
pdbbind,2bpy,7.40
pdbbind,2i3h,7.40
pdbbind,2zy1,7.40
pdbbind,3f18,7.40
pdbbind,3re4,7.40
pdbbind,3rlq,7.40
pdbbind,3up2,7.40
pdbbind,3vha,7.40
pdbbind,3zi0,7.40
pdbbind,4jyt,7.40
pdbbind,4jzi,7.40
pdbbind,4kn0,7.40
pdbbind,4z83,7.40
pdbbind,5tuz,7.40
pdbbind,6im4,7.40
pdbbind,1ik4,7.41
pdbbind,2q2a,7.41
pdbbind,3s5y,7.41
pdbbind,3zns,7.41
pdbbind,4j21,7.41
pdbbind,4p5z,7.41
pdbbind,4qpl,7.41
pdbbind,4wn5,7.41
pdbbind,5ne5,7.41
pdbbind,6fyz,7.41
pdbbind,1q5k,7.42
pdbbind,1t32,7.42
pdbbind,2pou,7.42
pdbbind,2xys,7.42
pdbbind,3ryy,7.42
pdbbind,3zm9,7.42
pdbbind,5nk3,7.42
pdbbind,6ei5,7.42
pdbbind,1b5j,7.43
pdbbind,2bak,7.43
pdbbind,2isw,7.43
pdbbind,3mmf,7.43
pdbbind,4o05,7.43
pdbbind,4qgd,7.43
pdbbind,6eol,7.43
pdbbind,1ciz,7.44
pdbbind,1qb9,7.44
pdbbind,1vzq,7.44
pdbbind,2f7o,7.44
pdbbind,2oxn,7.44
pdbbind,2qbq,7.44
pdbbind,2r38,7.44
pdbbind,3znr,7.44
pdbbind,4avj,7.44
pdbbind,4m2v,7.44
pdbbind,6o0o,7.44
pdbbind,1n0s,7.45
pdbbind,2ccb,7.45
pdbbind,4azi,7.45
pdbbind,1sqo,7.46
pdbbind,1yei,7.46
pdbbind,1yej,7.46
pdbbind,2p53,7.46
pdbbind,3fed,7.46
pdbbind,3ocz,7.46
pdbbind,3t2w,7.46
pdbbind,4cpr,7.46
pdbbind,4dff,7.46
pdbbind,4q4o,7.46
pdbbind,5f61,7.46
pdbbind,5fdc,7.46
pdbbind,5msb,7.46
pdbbind,5nlk,7.46
pdbbind,6gxb,7.46
pdbbind,6qmk,7.46
pdbbind,1xh4,7.47
pdbbind,3oe4,7.47
pdbbind,3own,7.47
pdbbind,5ny3,7.47
pdbbind,5o07,7.47
pdbbind,5ogb,7.47
pdbbind,5tmp,7.47
pdbbind,6maj,7.47
pdbbind,1iiq,7.48
pdbbind,1k6c,7.48
pdbbind,1u71,7.48
pdbbind,2qhy,7.48
pdbbind,2qwe,7.48
pdbbind,3l3l,7.48
pdbbind,3u92,7.48
pdbbind,6dl2,7.48
pdbbind,6eya,7.48
pdbbind,6qau,7.48
pdbbind,2hhn,7.49
pdbbind,3m6r,7.49
pdbbind,3nyx,7.49
pdbbind,4emr,7.49
pdbbind,4l6t,7.49
pdbbind,5vih,7.49
pdbbind,4cpw,7.50
pdbbind,5mwp,7.50
pdbbind,6hk3,7.50
pdbbind,6otg,7.50
pdbbind,2vwo,7.51
pdbbind,3n2v,7.51
pdbbind,4hdp,7.51
pdbbind,4qf8,7.51
pdbbind,5byi,7.51
pdbbind,6fhk,7.51
pdbbind,6sge,7.51
pdbbind,1bm7,7.52
pdbbind,1ivp,7.52
pdbbind,1lah,7.52
pdbbind,1lf2,7.52
pdbbind,1lke,7.52
pdbbind,1mmq,7.52
pdbbind,1uml,7.52
pdbbind,1zfq,7.52
pdbbind,2mas,7.52
pdbbind,3ekr,7.52
pdbbind,3hfb,7.52
pdbbind,3hmo,7.52
pdbbind,3l4u,7.52
pdbbind,3myq,7.52
pdbbind,3rlr,7.52
pdbbind,4dq2,7.52
pdbbind,4f6w,7.52
pdbbind,4ty6,7.52
pdbbind,5d48,7.52
pdbbind,5i8g,7.52
pdbbind,5i9x,7.52
pdbbind,5nau,7.52
pdbbind,5znc,7.52
pdbbind,5u8c,7.53
pdbbind,2f1g,7.54
pdbbind,4hu1,7.54
pdbbind,4qer,7.54
pdbbind,6cwh,7.54
pdbbind,6mln,7.54
pdbbind,1k1j,7.55
pdbbind,1lpk,7.55
pdbbind,1tlp,7.55
pdbbind,1v0l,7.55
pdbbind,2oi0,7.55
pdbbind,2xj1,7.55
pdbbind,3b50,7.55
pdbbind,3ni5,7.55
pdbbind,3rz0,7.55
pdbbind,4asj,7.55
pdbbind,4ngn,7.55
pdbbind,5c8n,7.55
pdbbind,5oot,7.55
pdbbind,6aqs,7.55
pdbbind,6gvf,7.55
pdbbind,6hsh,7.55
pdbbind,6o9c,7.55
pdbbind,3cct,7.56
pdbbind,3suf,7.56
pdbbind,1d09,7.57
pdbbind,1qhc,7.57
pdbbind,2avs,7.57
pdbbind,2pyn,7.57
pdbbind,3cd0,7.57
pdbbind,3ipq,7.57
pdbbind,3ocp,7.57
pdbbind,3q6w,7.57
pdbbind,4crb,7.57
pdbbind,4fnn,7.57
pdbbind,4nvp,7.57
pdbbind,4pmm,7.57
pdbbind,5ive,7.57
pdbbind,6gla,7.57
pdbbind,3cda,7.58
pdbbind,2fdp,7.59
pdbbind,2xb8,7.59
pdbbind,3p3s,7.59
pdbbind,3t5u,7.59
pdbbind,4cu7,7.59
pdbbind,5nkd,7.59
pdbbind,5nkh,7.59
pdbbind,6guh,7.59
pdbbind,6hax,7.59
pdbbind,1lpz,7.60
pdbbind,2c3i,7.60
pdbbind,2o8h,7.60
pdbbind,2zmm,7.60
pdbbind,3ehx,7.60
pdbbind,3fh7,7.60
pdbbind,3gc4,7.60
pdbbind,3iph,7.60
pdbbind,3kr4,7.60
pdbbind,3liw,7.60
pdbbind,3p58,7.60
pdbbind,4m8h,7.60
pdbbind,4uyf,7.60
pdbbind,5hct,7.60
pdbbind,5ia5,7.60
pdbbind,5t9u,7.60
pdbbind,6css,7.60
pdbbind,6guc,7.60
pdbbind,1ftm,7.61
pdbbind,3ibn,7.61
pdbbind,4g95,7.61
pdbbind,5m77,7.61
pdbbind,5vij,7.61
pdbbind,1fzq,7.62
pdbbind,1k6t,7.62
pdbbind,1yqy,7.62
pdbbind,2aoe,7.62
pdbbind,2p3c,7.62
pdbbind,2psu,7.62
pdbbind,2pvl,7.62
pdbbind,3be9,7.62
pdbbind,3o4k,7.62
pdbbind,4dbm,7.62
pdbbind,4uin,7.62
pdbbind,5hu9,7.62
pdbbind,5ta4,7.62
pdbbind,6g5l,7.62
pdbbind,1c1r,7.63
pdbbind,4avi,7.63
pdbbind,4x5z,7.63
pdbbind,1c1v,7.64
pdbbind,1uvt,7.64
pdbbind,2hl4,7.64
pdbbind,3d78,7.64
pdbbind,3fat,7.64
pdbbind,3h89,7.64
pdbbind,3hl7,7.64
pdbbind,3l0v,7.64
pdbbind,3sjf,7.64
pdbbind,4r73,7.64
pdbbind,4rpo,7.64
pdbbind,4ruz,7.64
pdbbind,5el9,7.64
pdbbind,5exn,7.64
pdbbind,5u6j,7.64
pdbbind,966c,7.64
pdbbind,5dex,7.65
pdbbind,6pl1,7.65
pdbbind,1f0r,7.66
pdbbind,1nny,7.66
pdbbind,1ppk,7.66
pdbbind,2cn0,7.66
pdbbind,2yme,7.66
pdbbind,4b74,7.66
pdbbind,4e5w,7.66
pdbbind,4gq4,7.66
pdbbind,4oeu,7.66
pdbbind,4qev,7.66
pdbbind,5dfp,7.66
pdbbind,5edc,7.66
pdbbind,5kz0,7.66
pdbbind,5tcy,7.66
pdbbind,6e1y,7.66
pdbbind,6nw3,7.66
pdbbind,6o5x,7.66
pdbbind,2bpv,7.67
pdbbind,1o2q,7.68
pdbbind,1t4v,7.68
pdbbind,1w0z,7.68
pdbbind,2arm,7.68
pdbbind,3f8c,7.68
pdbbind,3miy,7.68
pdbbind,4cpz,7.68
pdbbind,4d7b,7.68
pdbbind,4del,7.68
pdbbind,4ygf,7.68
pdbbind,5nkg,7.68
pdbbind,5wyz,7.68
pdbbind,5yjm,7.68
pdbbind,6b4u,7.68
pdbbind,6hke,7.68
pdbbind,5xsr,7.69
pdbbind,1bai,7.70
pdbbind,1fzm,7.70
pdbbind,1gno,7.70
pdbbind,1izh,7.70
pdbbind,1mes,7.70
pdbbind,1oau,7.70
pdbbind,1oz0,7.70
pdbbind,1s39,7.70
pdbbind,1uou,7.70
pdbbind,2d1o,7.70
pdbbind,2hmu,7.70
pdbbind,2hmv,7.70
pdbbind,2ves,7.70
pdbbind,2zjw,7.70
pdbbind,3b7r,7.70
pdbbind,3ewc,7.70
pdbbind,3f3e,7.70
pdbbind,3g0e,7.70
pdbbind,3i51,7.70
pdbbind,3p7i,7.70
pdbbind,3th9,7.70
pdbbind,4acc,7.70
pdbbind,4cpt,7.70
pdbbind,4e7r,7.70
pdbbind,4fsl,7.70
pdbbind,4o09,7.70
pdbbind,4tmk,7.70
pdbbind,5l9g,7.70
pdbbind,5sz5,7.70
pdbbind,6cn5,7.70
pdbbind,6g6t,7.70
pdbbind,6nwk,7.70
pdbbind,3lk8,7.71
pdbbind,4mmp,7.71
pdbbind,1ajv,7.72
pdbbind,1cnw,7.72
pdbbind,1j4r,7.72
pdbbind,1oif,7.72
pdbbind,3el5,7.72
pdbbind,3vjc,7.72
pdbbind,4a4w,7.72
pdbbind,4egk,7.72
pdbbind,5ia2,7.72
pdbbind,5nkc,7.72
pdbbind,5nki,7.72
pdbbind,5zg1,7.72
pdbbind,6mj4,7.72
pdbbind,6ugz,7.72
pdbbind,3ljg,7.73
pdbbind,5fdi,7.73
pdbbind,5hbs,7.73
pdbbind,5nyh,7.73
pdbbind,1f0s,7.74
pdbbind,1j36,7.74
pdbbind,1lee,7.74
pdbbind,1nfu,7.74
pdbbind,1qbo,7.74
pdbbind,1rd4,7.74
pdbbind,1sbg,7.74
pdbbind,1txr,7.74
pdbbind,1usn,7.74
pdbbind,2v59,7.74
pdbbind,3b7u,7.74
pdbbind,3nb5,7.74
pdbbind,3tvc,7.74
pdbbind,4auj,7.74
pdbbind,4i71,7.74
pdbbind,4j22,7.74
pdbbind,4pp5,7.74
pdbbind,5j2x,7.74
pdbbind,6qas,7.74
pdbbind,4x50,7.75
pdbbind,2ccc,7.76
pdbbind,4hwp,7.76
pdbbind,4z2b,7.76
pdbbind,6g35,7.76
pdbbind,1xh9,7.77
pdbbind,2jh6,7.77
pdbbind,2qm9,7.77
pdbbind,3cyw,7.77
pdbbind,3dsz,7.77
pdbbind,3gm0,7.77
pdbbind,3mi2,7.77
pdbbind,3tzm,7.77
pdbbind,3uw4,7.77
pdbbind,4gzt,7.77
pdbbind,4lov,7.77
pdbbind,4rj8,7.77
pdbbind,4w9o,7.77
pdbbind,5cbm,7.77
pdbbind,5j6a,7.77
pdbbind,5j6n,7.77
pdbbind,5j9x,7.77
pdbbind,5mg2,7.77
pdbbind,5neb,7.77
pdbbind,6euw,7.77
pdbbind,6ql2,7.77
pdbbind,4kni,7.78
pdbbind,4knn,7.78
pdbbind,5n25,7.78
pdbbind,5ueu,7.78
pdbbind,2zwz,7.79
pdbbind,6g36,7.79
pdbbind,1u1b,7.80
pdbbind,1v48,7.80
pdbbind,1x8t,7.80
pdbbind,2i19,7.80
pdbbind,2ra0,7.80
pdbbind,2wl0,7.80
pdbbind,3agl,7.80
pdbbind,3czv,7.80
pdbbind,3qgy,7.80
pdbbind,3ryj,7.80
pdbbind,4j3l,7.80
pdbbind,4n6z,7.80
pdbbind,4pg9,7.80
pdbbind,4qem,7.80
pdbbind,4qjw,7.80
pdbbind,4w9p,7.80
pdbbind,5hz6,7.80
pdbbind,5i3v,7.80
pdbbind,5l7g,7.80
pdbbind,5njz,7.80
pdbbind,6ej2,7.80
pdbbind,6i8m,7.80
pdbbind,6nfy,7.80
pdbbind,6nsv,7.80
pdbbind,4gr3,7.81
pdbbind,5eu1,7.81
pdbbind,1b6h,7.82
pdbbind,1nf8,7.82
pdbbind,1njs,7.82
pdbbind,1nvs,7.82
pdbbind,2cf9,7.82
pdbbind,2j34,7.82
pdbbind,2jg0,7.82
pdbbind,2o4n,7.82
pdbbind,2ptz,7.82
pdbbind,2xbx,7.82
pdbbind,2xjg,7.82
pdbbind,3gcp,7.82
pdbbind,3n2p,7.82
pdbbind,3prs,7.82
pdbbind,3vx3,7.82
pdbbind,4k0y,7.82
pdbbind,4pp3,7.82
pdbbind,4qpd,7.82
pdbbind,4ybk,7.82
pdbbind,5i29,7.82
pdbbind,6cks,7.82
pdbbind,6g2m,7.82
pdbbind,4gr8,7.83
pdbbind,3cd7,7.84
pdbbind,3ibl,7.84
pdbbind,3n2u,7.84
pdbbind,4gzp,7.84
pdbbind,6b96,7.84
pdbbind,1a94,7.85
pdbbind,1b8y,7.85
pdbbind,1cny,7.85
pdbbind,1laf,7.85
pdbbind,1lbf,7.85
pdbbind,1lst,7.85
pdbbind,2fle,7.85
pdbbind,2gv7,7.85
pdbbind,3c84,7.85
pdbbind,3dd8,7.85
pdbbind,3sut,7.85
pdbbind,3uw5,7.85
pdbbind,4ieh,7.85
pdbbind,4mc1,7.85
pdbbind,4pcs,7.85
pdbbind,4r76,7.85
pdbbind,4rak,7.85
pdbbind,4x5r,7.85
pdbbind,5e89,7.85
pdbbind,5elw,7.85
pdbbind,5f1h,7.85
pdbbind,5hi7,7.85
pdbbind,5uln,7.85
pdbbind,5wuk,7.85
pdbbind,6mja,7.85
pdbbind,4zl4,7.86
pdbbind,3ccw,7.87
pdbbind,1fzo,7.89
pdbbind,1h2t,7.89
pdbbind,2ylc,7.89
pdbbind,2zn7,7.89
pdbbind,3c56,7.89
pdbbind,3hig,7.89
pdbbind,3rz5,7.89
pdbbind,4b5d,7.89
pdbbind,4g8m,7.89
pdbbind,4igt,7.89
pdbbind,4m8e,7.89
pdbbind,4ruy,7.89
pdbbind,4ytc,7.89
pdbbind,5j6l,7.89
pdbbind,5lyr,7.89
pdbbind,6fnf,7.89
pdbbind,3cd5,7.90
pdbbind,1ajx,7.91
pdbbind,5e28,7.91
pdbbind,1b6j,7.92
pdbbind,2jjb,7.92
pdbbind,2ovv,7.92
pdbbind,3d7z,7.92
pdbbind,3eft,7.92
pdbbind,4a6c,7.92
pdbbind,4bcn,7.92
pdbbind,4cws,7.92
pdbbind,4hbm,7.92
pdbbind,4hge,7.92
pdbbind,4phu,7.92
pdbbind,4rux,7.92
pdbbind,5e1s,7.92
pdbbind,5f63,7.92
pdbbind,5i1q,7.92
pdbbind,5jy3,7.92
pdbbind,6nv7,7.92
pdbbind,3daz,7.93
pdbbind,2ewa,7.94
pdbbind,6en5,7.94
pdbbind,6hai,7.94
pdbbind,3t85,7.95
pdbbind,4b7j,7.95
pdbbind,4knj,7.95
pdbbind,5n1r,7.95
pdbbind,5nap,7.95
pdbbind,6s4t,7.95
pdbbind,1epo,7.96
pdbbind,1g2k,7.96
pdbbind,1hvh,7.96
pdbbind,1o3f,7.96
pdbbind,1qxl,7.96
pdbbind,2e1w,7.96
pdbbind,2p3a,7.96
pdbbind,2qe4,7.96
pdbbind,2x8z,7.96
pdbbind,3a5y,7.96
pdbbind,3bgq,7.96
pdbbind,3ekw,7.96
pdbbind,3iww,7.96
pdbbind,3mhc,7.96
pdbbind,3r4p,7.96
pdbbind,3uuo,7.96
pdbbind,4ap7,7.96
pdbbind,4k3n,7.96
pdbbind,4ngp,7.96
pdbbind,4r59,7.96
pdbbind,4y79,7.96
pdbbind,5n84,7.96
pdbbind,5ta2,7.96
pdbbind,6iiu,7.96
pdbbind,3oyq,7.99
pdbbind,4z07,7.99
pdbbind,5n1s,7.99
pdbbind,5nxp,7.99
pdbbind,1a4k,8.00
pdbbind,1b57,8.00
pdbbind,1dqn,8.00
pdbbind,1fkg,8.00
pdbbind,1gaf,8.00
pdbbind,1gai,8.00
pdbbind,1qin,8.00
pdbbind,1r0p,8.00
pdbbind,1rmz,8.00
pdbbind,1tkb,8.00
pdbbind,1vyg,8.00
pdbbind,1xws,8.00
pdbbind,1ypg,8.00
pdbbind,2e94,8.00
pdbbind,2hah,8.00
pdbbind,2vnt,8.00
pdbbind,2vwn,8.00
pdbbind,2xbw,8.00
pdbbind,3b92,8.00
pdbbind,3cyx,8.00
pdbbind,3e92,8.00
pdbbind,3fur,8.00
pdbbind,3gkz,8.00
pdbbind,3gvu,8.00
pdbbind,3hs4,8.00
pdbbind,3k97,8.00
pdbbind,3oy0,8.00
pdbbind,3sio,8.00
pdbbind,3t0x,8.00
pdbbind,3zcl,8.00
pdbbind,4a6l,8.00
pdbbind,4ehz,8.00
pdbbind,4ht0,8.00
pdbbind,4knm,8.00
pdbbind,4mo8,8.00
pdbbind,4o2c,8.00
pdbbind,4o9v,8.00
pdbbind,4poh,8.00
pdbbind,4ujb,8.00
pdbbind,4zx0,8.00
pdbbind,5eqy,8.00
pdbbind,5zw6,8.00
pdbbind,6eq8,8.00
pdbbind,1v7a,8.01
pdbbind,2cc7,8.01
pdbbind,3vje,8.01
pdbbind,6gzd,8.01
pdbbind,1b7h,8.02
pdbbind,2cet,8.02
pdbbind,4uye,8.02
pdbbind,4yes,8.02
pdbbind,4elf,8.03
pdbbind,4x5y,8.03
pdbbind,5e2k,8.03
pdbbind,4m2u,8.04
pdbbind,5tmn,8.04
pdbbind,6k04,8.04
pdbbind,1hih,8.05
pdbbind,1vyf,8.05
pdbbind,2b9a,8.05
pdbbind,2bqv,8.05
pdbbind,2jkh,8.05
pdbbind,2xc4,8.05
pdbbind,2xxt,8.05
pdbbind,2y80,8.05
pdbbind,3ag9,8.05
pdbbind,3ml2,8.05
pdbbind,3u8l,8.05
pdbbind,4b8y,8.05
pdbbind,4hdb,8.05
pdbbind,4q19,8.05
pdbbind,4rfd,8.05
pdbbind,5cxa,8.05
pdbbind,5i9z,8.05
pdbbind,5ld8,8.05
pdbbind,5upe,8.05
pdbbind,5xvg,8.05
pdbbind,6d56,8.05
pdbbind,6gxe,8.05
pdbbind,3dbu,8.06
pdbbind,6evr,8.06
pdbbind,3vbd,8.07
pdbbind,5jfu,8.07
pdbbind,1siv,8.08
pdbbind,3ifl,8.08
pdbbind,2rkg,8.09
pdbbind,2yfx,8.09
pdbbind,3hub,8.09
pdbbind,3tu7,8.09
pdbbind,4elh,8.09
pdbbind,4loy,8.09
pdbbind,5n6s,8.09
pdbbind,6b59,8.09
pdbbind,1erb,8.10
pdbbind,1fzj,8.10
pdbbind,1ghy,8.10
pdbbind,1stc,8.10
pdbbind,1ype,8.10
pdbbind,2cf8,8.10
pdbbind,2e9u,8.10
pdbbind,2pvj,8.10
pdbbind,2vvu,8.10
pdbbind,3f15,8.10
pdbbind,3kr8,8.10
pdbbind,3nx7,8.10
pdbbind,4poj,8.10
pdbbind,4r74,8.10
pdbbind,5i3x,8.10
pdbbind,5m7u,8.10
pdbbind,6ftf,8.10
pdbbind,6gwr,8.10
pdbbind,6ma5,8.10
pdbbind,1ndz,8.11
pdbbind,1nvr,8.11
pdbbind,2pq9,8.11
pdbbind,3fv2,8.11
pdbbind,4cp7,8.11
pdbbind,4v01,8.11
pdbbind,4z1j,8.11
pdbbind,6h38,8.11
pdbbind,1o5r,8.12
pdbbind,2yi0,8.12
pdbbind,6dil,8.12
pdbbind,6dj2,8.12
pdbbind,2yk1,8.13
pdbbind,4pop,8.13
pdbbind,1g35,8.14
pdbbind,1yqj,8.14
pdbbind,3b4f,8.14
pdbbind,3ljz,8.14
pdbbind,3ryx,8.14
pdbbind,4buq,8.14
pdbbind,4isi,8.14
pdbbind,6dj5,8.14
pdbbind,1fkh,8.15
pdbbind,1w5v,8.15
pdbbind,2d1n,8.15
pdbbind,2fxu,8.15
pdbbind,2jf4,8.15
pdbbind,2q1q,8.15
pdbbind,3bu1,8.15
pdbbind,3d8w,8.15
pdbbind,3i4b,8.15
pdbbind,3nxq,8.15
pdbbind,4eo8,8.15
pdbbind,4loo,8.15
pdbbind,4ly9,8.15
pdbbind,5jxq,8.15
pdbbind,5tkj,8.15
pdbbind,5vo1,8.15
pdbbind,6qgh,8.15
pdbbind,4elg,8.16
pdbbind,3rz8,8.17
pdbbind,4q09,8.17
pdbbind,4z0q,8.17
pdbbind,5f62,8.17
pdbbind,2f80,8.18
pdbbind,3l3n,8.18
pdbbind,2r59,8.19
pdbbind,3hit,8.19
pdbbind,3roc,8.19
pdbbind,4mc2,8.19
pdbbind,5aa9,8.19
pdbbind,5acy,8.19
pdbbind,5fl5,8.19
pdbbind,5m25,8.19
pdbbind,5n1z,8.19
pdbbind,5zkc,8.19
pdbbind,6ayq,8.19
pdbbind,6nv9,8.19
pdbbind,2jds,8.20
pdbbind,4gg7,8.20
pdbbind,5exm,8.20
pdbbind,5zo8,8.20
pdbbind,4x5p,8.21
pdbbind,5fto,8.21
pdbbind,5wmg,8.21
pdbbind,1efy,8.22
pdbbind,1h1s,8.22
pdbbind,1w11,8.22
pdbbind,2vvv,8.22
pdbbind,2zcs,8.22
pdbbind,3d1y,8.22
pdbbind,3l3m,8.22
pdbbind,3le9,8.22
pdbbind,3v5t,8.22
pdbbind,3zbx,8.22
pdbbind,4h3g,8.22
pdbbind,4hym,8.22
pdbbind,4lko,8.22
pdbbind,5amg,8.22
pdbbind,5fck,8.22
pdbbind,5k8s,8.22
pdbbind,6det,8.22
pdbbind,6fni,8.22
pdbbind,6r8o,8.22
pdbbind,3e5a,8.23
pdbbind,3f16,8.23
pdbbind,4kfq,8.23
pdbbind,1ydb,8.24
pdbbind,3hll,8.24
pdbbind,4rfc,8.24
pdbbind,4x6m,8.24
pdbbind,4z1e,8.24
pdbbind,6b5q,8.24
pdbbind,6g34,8.24
pdbbind,1c1u,8.25
pdbbind,1g4o,8.25
pdbbind,1nvq,8.25
pdbbind,2pbw,8.25
pdbbind,3ug2,8.25
pdbbind,6cpw,8.25
pdbbind,2e2r,8.26
pdbbind,5j86,8.26
pdbbind,6gzm,8.26
pdbbind,1wuq,8.27
pdbbind,2cbj,8.27
pdbbind,3hek,8.27
pdbbind,4cps,8.27
pdbbind,4djy,8.27
pdbbind,3tt4,8.28
pdbbind,4oc2,8.28
pdbbind,4oc3,8.28
pdbbind,5qqp,8.28
pdbbind,5tkk,8.28
pdbbind,6mqc,8.28
pdbbind,1a28,8.29
pdbbind,4bj8,8.29
pdbbind,6ayo,8.29
pdbbind,6o95,8.29
pdbbind,1b6l,8.30
pdbbind,1qbq,8.30
pdbbind,1tom,8.30
pdbbind,2cen,8.30
pdbbind,2pvk,8.30
pdbbind,2rd6,8.30
pdbbind,2v7a,8.30
pdbbind,2v95,8.30
pdbbind,3fqe,8.30
pdbbind,3gjw,8.30
pdbbind,3hku,8.30
pdbbind,3hvi,8.30
pdbbind,3jy0,8.30
pdbbind,3zps,8.30
pdbbind,4afg,8.30
pdbbind,4cwr,8.30
pdbbind,4o0b,8.30
pdbbind,5j8z,8.30
pdbbind,5khm,8.30
pdbbind,6ma3,8.30
pdbbind,3dc3,8.31
pdbbind,5nxo,8.31
pdbbind,6qav,8.31
pdbbind,2gj5,8.32
pdbbind,2yi7,8.32
pdbbind,4gih,8.32
pdbbind,4jwk,8.32
pdbbind,4pee,8.32
pdbbind,5c2a,8.32
pdbbind,5czm,8.32
pdbbind,1hwr,8.33
pdbbind,4z1k,8.33
pdbbind,1bzy,8.34
pdbbind,2qci,8.34
pdbbind,2xye,8.34
pdbbind,3npc,8.34
pdbbind,5ime,8.34
pdbbind,6g39,8.34
pdbbind,1h23,8.35
pdbbind,2uwd,8.35
pdbbind,3nu5,8.35
pdbbind,4bf6,8.35
pdbbind,4yml,8.35
pdbbind,5edl,8.35
pdbbind,1d4j,8.36
pdbbind,3d83,8.36
pdbbind,3kek,8.36
pdbbind,3r7o,8.36
pdbbind,4e6q,8.36
pdbbind,2nmz,8.37
pdbbind,3t1a,8.37
pdbbind,4bao,8.37
pdbbind,4v24,8.37
pdbbind,6n7a,8.37
pdbbind,1k21,8.38
pdbbind,1mu6,8.38
pdbbind,3qkd,8.38
pdbbind,3zpu,8.38
pdbbind,4a6b,8.38
pdbbind,5d21,8.38
pdbbind,6g3a,8.38
pdbbind,1lzq,8.39
pdbbind,6ayr,8.39
pdbbind,1aaq,8.40
pdbbind,1fd0,8.40
pdbbind,1fq5,8.40
pdbbind,1fzk,8.40
pdbbind,1k22,8.40
pdbbind,1mtr,8.40
pdbbind,1w5x,8.40
pdbbind,1z1h,8.40
pdbbind,1zpa,8.40
pdbbind,2al5,8.40
pdbbind,2baj,8.40
pdbbind,2j95,8.40
pdbbind,2ovy,8.40
pdbbind,2qbp,8.40
pdbbind,2uwl,8.40
pdbbind,2vsl,8.40
pdbbind,2y82,8.40
pdbbind,2zda,8.40
pdbbind,3b68,8.40
pdbbind,3d0e,8.40
pdbbind,3el9,8.40
pdbbind,3qxv,8.40
pdbbind,3str,8.40
pdbbind,3sww,8.40
pdbbind,3zxz,8.40
pdbbind,4aoi,8.40
pdbbind,4bck,8.40
pdbbind,4nh7,8.40
pdbbind,4ual,8.40
pdbbind,5g57,8.40
pdbbind,5org,8.40
pdbbind,6g2s,8.40
pdbbind,6gue,8.40
pdbbind,1e4h,8.41
pdbbind,1g48,8.41
pdbbind,1i9p,8.41
pdbbind,1w96,8.41
pdbbind,1bwb,8.42
pdbbind,4ksy,8.42
pdbbind,4wa9,8.42
pdbbind,5vl2,8.42
pdbbind,2xbv,8.43
pdbbind,2za5,8.43
pdbbind,3nhi,8.43
pdbbind,4y8x,8.43
pdbbind,5dey,8.43
pdbbind,5exl,8.43
pdbbind,5f2u,8.43
pdbbind,2vc9,8.44
pdbbind,2xyf,8.44
pdbbind,4zae,8.44
pdbbind,5kqx,8.44
pdbbind,5n0e,8.44
pdbbind,5voj,8.44
pdbbind,3kdd,8.46
pdbbind,4css,8.46
pdbbind,2oag,8.47
pdbbind,3zln,8.47
pdbbind,5qtt,8.47
pdbbind,6d3q,8.47
pdbbind,1w5y,8.48
pdbbind,2hs1,8.48
pdbbind,2p3b,8.48
pdbbind,2r5p,8.48
pdbbind,2uxz,8.48
pdbbind,2yix,8.48
pdbbind,3b1m,8.48
pdbbind,3n3j,8.48
pdbbind,5kr2,8.48
pdbbind,5n0d,8.48
pdbbind,6fe1,8.48
pdbbind,1ec0,8.49
pdbbind,2g5u,8.49
pdbbind,2ihq,8.49
pdbbind,3s45,8.49
pdbbind,4hdf,8.49
pdbbind,4m2r,8.49
pdbbind,5ufs,8.49
pdbbind,7upj,8.49
pdbbind,2vh0,8.51
pdbbind,3i25,8.51
pdbbind,3u8j,8.51
pdbbind,6oe1,8.51
pdbbind,1fcy,8.52
pdbbind,1i5r,8.52
pdbbind,1nfx,8.52
pdbbind,1rp7,8.52
pdbbind,1xkk,8.52
pdbbind,2boh,8.52
pdbbind,2fvd,8.52
pdbbind,2oc2,8.52
pdbbind,2q64,8.52
pdbbind,2qu6,8.52
pdbbind,2vvc,8.52
pdbbind,2vw5,8.52
pdbbind,2wn9,8.52
pdbbind,3lpi,8.52
pdbbind,3ml5,8.52
pdbbind,3suu,8.52
pdbbind,3ttm,8.52
pdbbind,4nh8,8.52
pdbbind,4o6w,8.52
pdbbind,4o97,8.52
pdbbind,4xoc,8.52
pdbbind,5mpk,8.52
pdbbind,5vi6,8.52
pdbbind,6csp,8.52
pdbbind,3kjd,8.54
pdbbind,4hwo,8.54
pdbbind,5mjn,8.54
pdbbind,5sxm,8.54
pdbbind,1hos,8.55
pdbbind,1ppl,8.55
pdbbind,2byr,8.55
pdbbind,3ejp,8.55
pdbbind,3v51,8.55
pdbbind,5amd,8.55
pdbbind,5i9y,8.55
pdbbind,5nxg,8.55
pdbbind,6hk4,8.55
pdbbind,1bgq,8.57
pdbbind,1q1g,8.57
pdbbind,2x4z,8.57
pdbbind,3ejq,8.57
pdbbind,3ejr,8.57
pdbbind,3v7x,8.57
pdbbind,4kmz,8.57
pdbbind,5caq,8.57
pdbbind,5j6m,8.57
pdbbind,3r5t,8.58
pdbbind,2wky,8.59
pdbbind,3ibi,8.59
pdbbind,5nbw,8.59
pdbbind,6h37,8.59
pdbbind,1bwa,8.60
pdbbind,3b66,8.60
pdbbind,3s43,8.60
pdbbind,3sxf,8.60
pdbbind,3t3u,8.60
pdbbind,4efs,8.60
pdbbind,4gj2,8.60
pdbbind,4qf7,8.60
pdbbind,5sz3,8.60
pdbbind,5upf,8.60
pdbbind,6prf,8.60
pdbbind,4ban,8.61
pdbbind,6gl8,8.61
pdbbind,2cej,8.62
pdbbind,3ryz,8.62
pdbbind,4bf1,8.62
pdbbind,4hf4,8.62
pdbbind,4jx9,8.62
pdbbind,5egm,8.62
pdbbind,5htz,8.62
pdbbind,5zvw,8.62
pdbbind,3f17,8.63
pdbbind,1g45,8.64
pdbbind,1mue,8.64
pdbbind,1r1j,8.64
pdbbind,1t31,8.64
pdbbind,3hkw,8.64
pdbbind,3s71,8.64
pdbbind,4pft,8.64
pdbbind,4qd6,8.64
pdbbind,4zyf,8.64
pdbbind,5e8f,8.64
pdbbind,5x74,8.64
pdbbind,6std,8.64
pdbbind,2oax,8.65
pdbbind,1i9n,8.66
pdbbind,3d1x,8.66
pdbbind,3nox,8.66
pdbbind,3u8k,8.66
pdbbind,5epn,8.66
pdbbind,5n93,8.66
pdbbind,2qd6,8.68
pdbbind,2q55,8.69
pdbbind,5cj6,8.69
pdbbind,1bcd,8.70
pdbbind,1hfs,8.70
pdbbind,1jgl,8.70
pdbbind,1jyq,8.70
pdbbind,1lnm,8.70
pdbbind,1ohr,8.70
pdbbind,1pxo,8.70
pdbbind,1t7j,8.70
pdbbind,1w13,8.70
pdbbind,1xap,8.70
pdbbind,2b7d,8.70
pdbbind,2f8g,8.70
pdbbind,2fmb,8.70
pdbbind,2h4n,8.70
pdbbind,2jh0,8.70
pdbbind,2ojj,8.70
pdbbind,2pcp,8.70
pdbbind,2uwo,8.70
pdbbind,2vj8,8.70
pdbbind,2wgj,8.70
pdbbind,2wyg,8.70
pdbbind,2y5f,8.70
pdbbind,2y7z,8.70
pdbbind,2y81,8.70
pdbbind,3brn,8.70
pdbbind,3d9z,8.70
pdbbind,3eqr,8.70
pdbbind,3ge7,8.70
pdbbind,3hvj,8.70
pdbbind,3i5z,8.70
pdbbind,3i60,8.70
pdbbind,3s73,8.70
pdbbind,4a7i,8.70
pdbbind,4bah,8.70
pdbbind,4eo6,8.70
pdbbind,4hy1,8.70
pdbbind,4r5a,8.70
pdbbind,4rwj,8.70
pdbbind,4yth,8.70
pdbbind,4zwx,8.70
pdbbind,4zwz,8.70
pdbbind,5e2o,8.70
pdbbind,5hcv,8.70
pdbbind,5ih9,8.70
pdbbind,5nk4,8.70
pdbbind,5sz2,8.70
pdbbind,5ufr,8.70
pdbbind,3ckz,8.72
pdbbind,3p8o,8.72
pdbbind,3ts4,8.72
pdbbind,4crc,8.72
pdbbind,4ish,8.72
pdbbind,4ivb,8.72
pdbbind,4x6o,8.72
pdbbind,5ikb,8.72
pdbbind,5jg1,8.72
pdbbind,6dj7,8.72
pdbbind,1b6k,8.74
pdbbind,1mjj,8.74
pdbbind,1sdv,8.74
pdbbind,2vkm,8.74
pdbbind,2wtv,8.74
pdbbind,3rz1,8.74
pdbbind,4ei4,8.74
pdbbind,4gii,8.74
pdbbind,5vkc,8.74
pdbbind,6d78,8.74
pdbbind,6o94,8.74
pdbbind,1bnv,8.77
pdbbind,1d4l,8.77
pdbbind,1qft,8.77
pdbbind,1x38,8.77
pdbbind,1zp8,8.77
pdbbind,2wkz,8.77
pdbbind,3b5r,8.77
pdbbind,3qdd,8.77
pdbbind,4e4l,8.77
pdbbind,4m0f,8.77
pdbbind,5wal,8.77
pdbbind,6cdp,8.79
pdbbind,1fkn,8.80
pdbbind,1g46,8.80
pdbbind,1w5w,8.80
pdbbind,3d1z,8.80
pdbbind,3oaf,8.80
pdbbind,5cau,8.80
pdbbind,5e2p,8.80
pdbbind,5vm0,8.80
pdbbind,6stl,8.80
pdbbind,1ork,8.81
pdbbind,1g54,8.82
pdbbind,1m0b,8.82
pdbbind,2zcq,8.82
pdbbind,2zxg,8.82
pdbbind,3fvk,8.82
pdbbind,3nu4,8.82
pdbbind,4i5c,8.82
pdbbind,4ks1,8.82
pdbbind,4x6n,8.82
pdbbind,5k0m,8.82
pdbbind,5kby,8.82
pdbbind,1lhu,8.83
pdbbind,3mxd,8.83
pdbbind,1d4i,8.85
pdbbind,2avo,8.85
pdbbind,3b67,8.85
pdbbind,3e93,8.85
pdbbind,4gj3,8.85
pdbbind,5cas,8.85
pdbbind,5mlj,8.85
pdbbind,5uoo,8.85
pdbbind,6ayt,8.85
pdbbind,6dz2,8.85
pdbbind,2xej,8.87
pdbbind,5lwm,8.87
pdbbind,1n3i,8.89
pdbbind,1nfy,8.89
pdbbind,1nt1,8.89
pdbbind,2idw,8.89
pdbbind,2y7x,8.89
pdbbind,3ekp,8.89
pdbbind,3vhc,8.89
pdbbind,3zze,8.89
pdbbind,4cst,8.89
pdbbind,5fnu,8.89
pdbbind,5ipj,8.89
pdbbind,6dz3,8.89
pdbbind,6e22,8.89
pdbbind,3egt,8.90
pdbbind,5m23,8.90
pdbbind,4bak,8.91
pdbbind,1ec1,8.92
pdbbind,1kzn,8.92
pdbbind,1r1h,8.92
pdbbind,3k37,8.92
pdbbind,4e6d,8.92
pdbbind,4heg,8.92
pdbbind,5hcy,8.92
pdbbind,5ljt,8.92
pdbbind,5n24,8.92
pdbbind,5sz1,8.92
pdbbind,6oe0,8.92
pdbbind,4bam,8.94
pdbbind,1j37,8.96
pdbbind,1nfw,8.96
pdbbind,2p4j,8.96
pdbbind,3dcc,8.96
pdbbind,3i9g,8.96
pdbbind,3rz7,8.96
pdbbind,3v5p,8.96
pdbbind,4ag8,8.96
pdbbind,4k18,8.96
pdbbind,4und,8.96
pdbbind,4xo8,8.96
pdbbind,5een,8.96
pdbbind,5wqc,8.96
pdbbind,5tbe,8.97
pdbbind,6cdo,8.97
pdbbind,6hzb,8.98
pdbbind,5vp9,8.99
pdbbind,1apv,9.00
pdbbind,1e3g,9.00
pdbbind,1fm9,9.00
pdbbind,1k27,9.00
pdbbind,1mq5,9.00
pdbbind,1mu8,9.00
pdbbind,1y0l,9.00
pdbbind,2j4i,9.00
pdbbind,2p4y,9.00
pdbbind,2wyj,9.00
pdbbind,3dd0,9.00
pdbbind,3jrx,9.00
pdbbind,3u6h,9.00
pdbbind,3u6i,9.00
pdbbind,3ui7,9.00
pdbbind,3uri,9.00
pdbbind,4c2v,9.00
pdbbind,4h3f,9.00
pdbbind,4x5q,9.00
pdbbind,5ef7,9.00
pdbbind,5ljq,9.00
pdbbind,6mle,9.00
pdbbind,2q54,9.01
pdbbind,4baq,9.01
pdbbind,5e2s,9.01
pdbbind,4jh0,9.03
pdbbind,4xtw,9.03
pdbbind,6dz0,9.03
pdbbind,1ec3,9.04
pdbbind,1g53,9.04
pdbbind,1qkt,9.04
pdbbind,3m37,9.04
pdbbind,3vfb,9.04
pdbbind,1ebw,9.05
pdbbind,1ezq,9.05
pdbbind,1kdk,9.05
pdbbind,3hb4,9.05
pdbbind,3nu9,9.05
pdbbind,4e4n,9.05
pdbbind,4i72,9.05
pdbbind,4uja,9.05
pdbbind,5m7s,9.05
pdbbind,1nw4,9.07
pdbbind,2qd8,9.07
pdbbind,3gba,9.07
pdbbind,4cmo,9.07
pdbbind,4xk9,9.07
pdbbind,1bnw,9.08
pdbbind,2rkf,9.08
pdbbind,3a2o,9.08
pdbbind,3ffg,9.08
pdbbind,3sue,9.08
pdbbind,3x00,9.08
pdbbind,6ckw,9.08
pdbbind,1d3d,9.09
pdbbind,1msn,9.09
pdbbind,2v58,9.09
pdbbind,2w8y,9.09
pdbbind,4zls,9.09
pdbbind,1h22,9.10
pdbbind,2qd7,9.10
pdbbind,3gnw,9.10
pdbbind,3lea,9.10
pdbbind,3lpk,9.10
pdbbind,3mdz,9.10
pdbbind,3o56,9.10
pdbbind,3pwm,9.10
pdbbind,3vf7,9.10
pdbbind,4az6,9.10
pdbbind,4hws,9.10
pdbbind,5eek,9.10
pdbbind,5sz0,9.10
pdbbind,6c2r,9.10
pdbbind,1d9i,9.11
pdbbind,4xu0,9.11
pdbbind,3ttp,9.12
pdbbind,5nkb,9.12
pdbbind,1ta6,9.13
pdbbind,2wb5,9.13
pdbbind,3su3,9.13
pdbbind,5j20,9.14
pdbbind,5l30,9.14
pdbbind,2qmg,9.15
pdbbind,2xjx,9.15
pdbbind,3d91,9.15
pdbbind,3ibu,9.15
pdbbind,4clj,9.15
pdbbind,4p6w,9.15
pdbbind,5aml,9.15
pdbbind,5kr0,9.15
pdbbind,6c7q,9.15
pdbbind,6odz,9.15
pdbbind,8cpa,9.15
pdbbind,5wl0,9.17
pdbbind,1z71,9.18
pdbbind,2fgu,9.18
pdbbind,2xb7,9.19
pdbbind,3ozg,9.19
pdbbind,3vfa,9.19
pdbbind,6ays,9.19
pdbbind,5laq,9.20
pdbbind,5upz,9.20
pdbbind,6dyz,9.20
pdbbind,1mh5,9.21
pdbbind,1sqa,9.21
pdbbind,4xty,9.21
pdbbind,1d4k,9.22
pdbbind,1fcz,9.22
pdbbind,1hpo,9.22
pdbbind,1hps,9.22
pdbbind,1hpv,9.22
pdbbind,1uho,9.22
pdbbind,1x39,9.22
pdbbind,1zvx,9.22
pdbbind,2cer,9.22
pdbbind,2o4l,9.22
pdbbind,3rwp,9.22
pdbbind,4jia,9.22
pdbbind,4s1g,9.22
pdbbind,5eei,9.22
pdbbind,5i3w,9.22
pdbbind,6h33,9.22
pdbbind,6n7b,9.22
pdbbind,4xu2,9.23
pdbbind,4dv8,9.24
pdbbind,5llp,9.24
pdbbind,3zlr,9.26
pdbbind,1sdt,9.27
pdbbind,2xab,9.27
pdbbind,3b65,9.27
pdbbind,3nzk,9.27
pdbbind,4xtv,9.27
pdbbind,1xow,9.28
pdbbind,3kdc,9.28
pdbbind,3p8n,9.28
pdbbind,3rux,9.28
pdbbind,3vhd,9.28
pdbbind,4asd,9.28
pdbbind,2ayr,9.29
pdbbind,5kqy,9.29
pdbbind,2yxj,9.30
pdbbind,3fv1,9.30
pdbbind,3nu6,9.30
pdbbind,4crf,9.30
pdbbind,4er2,9.30
pdbbind,4qge,9.30
pdbbind,5anv,9.30
pdbbind,6h2z,9.30
pdbbind,6h34,9.30
pdbbind,6hza,9.30
pdbbind,6orr,9.30
pdbbind,6udu,9.30
pdbbind,1bn4,9.31
pdbbind,3rdq,9.31
pdbbind,2aqu,9.32
pdbbind,3wha,9.32
pdbbind,5jfp,9.32
pdbbind,1bn1,9.34
pdbbind,3vf5,9.34
pdbbind,6o0m,9.34
pdbbind,2e27,9.35
pdbbind,6h36,9.35
pdbbind,2p95,9.37
pdbbind,3nuj,9.39
pdbbind,4ca5,9.39
pdbbind,1ebz,9.40
pdbbind,1fkf,9.40
pdbbind,1ksn,9.40
pdbbind,1met,9.40
pdbbind,1pme,9.40
pdbbind,2o4r,9.40
pdbbind,2w26,9.40
pdbbind,4a4q,9.40
pdbbind,4erf,9.40
pdbbind,4qac,9.40
pdbbind,5anu,9.40
pdbbind,5i3y,9.40
pdbbind,5llo,9.40
pdbbind,6got,9.40
pdbbind,3ekv,9.41
pdbbind,3ekx,9.41
pdbbind,5jop,9.41
pdbbind,1hsh,9.42
pdbbind,3bgs,9.42
pdbbind,3rbu,9.43
pdbbind,1g1d,9.44
pdbbind,4mc9,9.44
pdbbind,2yki,9.46
pdbbind,4b7p,9.46
pdbbind,6g2r,9.46
pdbbind,1qbs,9.47
pdbbind,4wko,9.47
pdbbind,1xjd,9.48
pdbbind,6e7j,9.48
pdbbind,1bnq,9.49
pdbbind,4xu1,9.49
pdbbind,5kr1,9.49
pdbbind,4xu3,9.50
pdbbind,1hvr,9.51
pdbbind,1s19,9.51
pdbbind,2p4s,9.51
pdbbind,1m4h,9.52
pdbbind,2ax9,9.52
pdbbind,2bys,9.52
pdbbind,2g94,9.52
pdbbind,2gvj,9.52
pdbbind,2hoc,9.52
pdbbind,3fv3,9.52
pdbbind,3g0w,9.52
pdbbind,3g5k,9.52
pdbbind,4ivd,9.52
pdbbind,4ty7,9.52
pdbbind,5llc,9.52
pdbbind,6cjr,9.52
pdbbind,6n7d,9.52
pdbbind,1g52,9.54
pdbbind,2pog,9.54
pdbbind,3ppm,9.54
pdbbind,1dmp,9.55
pdbbind,1ws1,9.55
pdbbind,4gr0,9.55
pdbbind,4wkp,9.55
pdbbind,1i37,9.57
pdbbind,1o86,9.57
pdbbind,2z4o,9.57
pdbbind,4ax9,9.57
pdbbind,4gql,9.59
pdbbind,4mc6,9.59
pdbbind,5cjf,9.59
pdbbind,4gqp,9.60
pdbbind,1if8,9.64
pdbbind,2zx8,9.64
pdbbind,3el1,9.64
pdbbind,3s54,9.64
pdbbind,4b7r,9.64
pdbbind,5dh5,9.64
pdbbind,3pe1,9.65
pdbbind,3dp9,9.68
pdbbind,4zip,9.68
pdbbind,6n78,9.68
pdbbind,6n79,9.68
pdbbind,1bnu,9.70
pdbbind,1df8,9.70
pdbbind,1eby,9.70
pdbbind,1fkb,9.70
pdbbind,1mrw,9.70
pdbbind,2vh6,9.70
pdbbind,3sm2,9.70
pdbbind,4cd0,9.70
pdbbind,4fk6,9.70
pdbbind,5dxt,9.70
pdbbind,5sz4,9.70
pdbbind,5sz7,9.70
pdbbind,6cjs,9.70
pdbbind,6oja,9.70
pdbbind,4crl,9.71
pdbbind,1z6e,9.72
pdbbind,3fuc,9.72
pdbbind,4wkn,9.72
pdbbind,1nh0,9.74
pdbbind,3dk1,9.74
pdbbind,3p3g,9.74
pdbbind,5izf,9.74
pdbbind,3pe2,9.76
pdbbind,4yhm,9.76
pdbbind,3ggu,9.77
pdbbind,456c,9.77
pdbbind,6fs0,9.77
pdbbind,4x24,9.78
pdbbind,1bnt,9.80
pdbbind,3lxk,9.80
pdbbind,3nuo,9.80
pdbbind,6ixd,9.80
pdbbind,1pvn,9.82
pdbbind,3m36,9.82
pdbbind,3nu3,9.82
pdbbind,4eb8,9.82
pdbbind,4xtz,9.82
pdbbind,4zo5,9.82
pdbbind,2xef,9.84
pdbbind,6dh8,9.84
pdbbind,2std,9.85
pdbbind,3kdb,9.85
pdbbind,3rdo,9.85
pdbbind,6oqd,9.85
pdbbind,6dh7,9.88
pdbbind,1bn3,9.89
pdbbind,1e66,9.89
pdbbind,2drc,9.89
pdbbind,1hxb,9.92
pdbbind,1zsf,9.92
pdbbind,2vnp,9.92
pdbbind,3ies,9.92
pdbbind,3rlb,9.92
pdbbind,6dh6,9.93
pdbbind,1hvl,9.95
pdbbind,1bv9,9.96
pdbbind,1fjs,9.96
pdbbind,2xmy,9.96
pdbbind,4m8y,9.96
pdbbind,6o0p,9.96
pdbbind,1bnn,10.00
pdbbind,1bxo,10.00
pdbbind,1d4h,10.00
pdbbind,1ec2,10.00
pdbbind,1flr,10.00
pdbbind,1gar,10.00
pdbbind,1igj,10.00
pdbbind,1rjk,10.00
pdbbind,3h5b,10.00
pdbbind,4ivc,10.00
pdbbind,4lhv,10.00
pdbbind,4twp,10.00
pdbbind,6e23,10.00
pdbbind,6udi,10.00
pdbbind,6udt,10.00
pdbbind,3mxe,10.01
pdbbind,1n4k,10.05
pdbbind,1nm6,10.05
pdbbind,4rfm,10.05
pdbbind,3lzu,10.06
pdbbind,1sdu,10.07
pdbbind,1sr7,10.10
pdbbind,2o4j,10.10
pdbbind,2p16,10.10
pdbbind,1y6r,10.11
pdbbind,6chp,10.12
pdbbind,5v82,10.15
pdbbind,4f3k,10.16
pdbbind,3ps1,10.17
pdbbind,3u8n,10.17
pdbbind,4tmn,10.17
pdbbind,5llh,10.17
pdbbind,6nzv,10.17
pdbbind,4ggz,10.18
pdbbind,5etj,10.18
pdbbind,1ie9,10.19
pdbbind,2qi3,10.20
pdbbind,4m8x,10.20
pdbbind,2qi7,10.21
pdbbind,5dyo,10.21
pdbbind,6ud2,10.21
pdbbind,5lle,10.22
pdbbind,3t3c,10.23
pdbbind,1qbu,10.24
pdbbind,5b25,10.24
pdbbind,1rr6,10.25
pdbbind,6dyu,10.26
pdbbind,6udv,10.29
pdbbind,1bv7,10.30
pdbbind,1c70,10.30
pdbbind,1hvs,10.30
pdbbind,2p15,10.30
pdbbind,5nea,10.30
pdbbind,6oqb,10.30
pdbbind,4djq,10.32
pdbbind,5h8g,10.32
pdbbind,4std,10.33
pdbbind,3i6o,10.35
pdbbind,4ngm,10.35
pdbbind,4q1y,10.35
pdbbind,4lvt,10.36
pdbbind,1c4u,10.37
pdbbind,4ynb,10.37
pdbbind,1kzk,10.39
pdbbind,5d3c,10.40
pdbbind,6oqc,10.40
pdbbind,4wt2,10.42
pdbbind,2qi4,10.44
pdbbind,4ffs,10.44
pdbbind,6dyw,10.44
pdbbind,2o4k,10.46
pdbbind,6eqx,10.47
pdbbind,1msm,10.48
pdbbind,5ehq,10.48
pdbbind,2zx7,10.49
pdbbind,5std,10.49
pdbbind,6dj1,10.51
pdbbind,1b8n,10.52
pdbbind,1if7,10.52
pdbbind,1n46,10.52
pdbbind,2f81,10.52
pdbbind,4yo8,10.52
pdbbind,6ne5,10.52
pdbbind,6no9,10.52
pdbbind,1g2o,10.55
pdbbind,4djp,10.55
pdbbind,6b4n,10.55
pdbbind,6dyy,10.55
pdbbind,1qbr,10.57
pdbbind,2qi6,10.57
pdbbind,4xtx,10.57
pdbbind,6dh1,10.58
pdbbind,3djk,10.59
pdbbind,3ekt,10.59
pdbbind,6dyv,10.59
pdbbind,2zx6,10.60
pdbbind,5uov,10.60
pdbbind,1qbt,10.62
pdbbind,2xei,10.62
pdbbind,4lch,10.62
pdbbind,1b8o,10.64
pdbbind,6eqw,10.65
pdbbind,1dif,10.66
pdbbind,3cs7,10.68
pdbbind,2pk5,10.70
pdbbind,2xeg,10.70
pdbbind,3myg,10.70
pdbbind,3o9a,10.70
pdbbind,4agc,10.70
pdbbind,5nee,10.70
pdbbind,5alb,10.71
pdbbind,3o9d,10.72
pdbbind,6dif,10.72
pdbbind,7std,10.72
pdbbind,4yho,10.74
pdbbind,6o0k,10.74
pdbbind,4gid,10.77
pdbbind,4omc,10.78
pdbbind,3gi4,10.80
pdbbind,4hla,10.80
pdbbind,5c1m,10.80
pdbbind,1hxw,10.82
pdbbind,3o99,10.82
pdbbind,5wlo,10.82
pdbbind,6h5x,10.82
pdbbind,2qi5,10.85
pdbbind,3i7e,10.85
pdbbind,5ult,10.85
pdbbind,2pk6,10.89
pdbbind,6dh2,10.89
pdbbind,4i8w,10.90
pdbbind,1hvi,10.92
pdbbind,3utu,10.92
pdbbind,6cdl,10.92
pdbbind,1hvk,10.96
pdbbind,1m7y,10.96
pdbbind,3lzs,10.96
pdbbind,4ase,11.00
pdbbind,4kb9,11.00
pdbbind,5bs4,11.00
pdbbind,1q84,11.05
pdbbind,4i8z,11.05
pdbbind,5dgw,11.05
pdbbind,1x1z,11.06
pdbbind,3k8o,11.07
pdbbind,5c2h,11.09
pdbbind,1d4y,11.10
pdbbind,3std,11.11
pdbbind,5llg,11.13
pdbbind,1mq6,11.15
pdbbind,4q1x,11.15
pdbbind,2i4v,11.20
pdbbind,5h8e,11.20
pdbbind,3gi5,11.22
pdbbind,3gi6,11.22
pdbbind,5dwr,11.22
pdbbind,3ok9,11.23
pdbbind,4u8w,11.24
pdbbind,1hpx,11.26
pdbbind,4ryd,11.26
pdbbind,3k8q,11.28
pdbbind,6mqe,11.29
pdbbind,1pro,11.30
pdbbind,2q5k,11.30
pdbbind,2xpk,11.30
pdbbind,3o9e,11.30
pdbbind,3st5,11.30
pdbbind,4f2w,11.30
pdbbind,4gbd,11.32
pdbbind,2x00,11.33
pdbbind,2j62,11.34
pdbbind,2hb3,11.35
pdbbind,5dgu,11.35
pdbbind,1hvj,11.40
pdbbind,2i0a,11.40
pdbbind,1lyb,11.42
pdbbind,5drr,11.46
pdbbind,4djo,11.52
pdbbind,4djr,11.52
pdbbind,5izj,11.52
pdbbind,6cpa,11.52
pdbbind,3qaa,11.54
pdbbind,2i4u,11.57
pdbbind,4ll3,11.57
pdbbind,4wkb,11.57
pdbbind,2i4w,11.59
pdbbind,2i4d,11.68
pdbbind,4jn2,11.68
pdbbind,1y6q,11.70
pdbbind,4q1w,11.70
pdbbind,6cdj,11.70
pdbbind,2i4x,11.72
pdbbind,4dfg,11.74
pdbbind,1duv,11.80
pdbbind,3o9i,11.82
pdbbind,4f3c,11.82
pdbbind,5bry,11.82
pdbbind,1sl3,11.85
pdbbind,1ctu,11.92
pdbbind,6e9a,11.92
